,Atlanta,Baltimore,Boston,Chicago,Dallas,Denver,Detroit,Houston,Los_Angeles,Miami,Minneapolis,New_York,Philadelphia,San_Diego,San_Francisco,Seattle,St_Louis,Washington_DC,Anchorage,Cincinnati,Cleveland,Honolulu,Kansas_City,Milwaukee,Pittsburgh,Portland,San_Jose
1914-12-01,,,10.5,10.0,,,9.7,9.5,10.2,,,9.9,10.2,,9.2,9.2,,,,,,,,,,,
1915-01-01,,,,,,,,,,,,,,,,,,,,,,,,,,,
1915-02-01,,,,,,,,,,,,,,,,,,,,,,,,,,,
1915-03-01,,,,,,,,,,,,,,,,,,,,,,,,,,,
1915-04-01,,,,,,,,,,,,,,,,,,,,,,,,,,,
1915-05-01,,,,,,,,,,,,,,,,,,,,,,,,,,,
1915-06-01,,,,,,,,,,,,,,,,,,,,,,,,,,,
1915-07-01,,,,,,,,,,,,,,,,,,,,,,,,,,,
1915-08-01,,,,,,,,,,,,,,,,,,,,,,,,,,,
1915-09-01,,,,,,,,,,,,,,,,,,,,,,,,,,,
1915-10-01,,,,,,,,,,,,,,,,,,,,,,,,,,,
1915-11-01,,,,,,,,,,,,,,,,,,,,,,,,,,,
1915-12-01,,,10.7,10.2,,,10.1,9.5,10.1,,,10.1,10.3,,9.2,9.1,,,,,,,,,,,
1916-01-01,,,,,,,,,,,,,,,,,,,,,,,,,,,
1916-02-01,,,,,,,,,,,,,,,,,,,,,,,,,,,
1916-03-01,,,,,,,,,,,,,,,,,,,,,,,,,,,
1916-04-01,,,,,,,,,,,,,,,,,,,,,,,,,,,
1916-05-01,,,,,,,,,,,,,,,,,,,,,,,,,,,
1916-06-01,,,,,,,,,,,,,,,,,,,,,,,,,,,
1916-07-01,,,,,,,,,,,,,,,,,,,,,,,,,,,
1916-08-01,,,,,,,,,,,,,,,,,,,,,,,,,,,
1916-09-01,,,,,,,,,,,,,,,,,,,,,,,,,,,
1916-10-01,,,,,,,,,,,,,,,,,,,,,,,,,,,
1916-11-01,,,,,,,,,,,,,,,,,,,,,,,,,,,
1916-12-01,,,12.1,11.6,,,11.7,10.9,11.0,,,11.3,11.6,,10.0,9.7,,,,,,,,,,,
1917-01-01,,,,,,,,,,,,,,,,,,,,,,,,,,,
1917-02-01,,,,,,,,,,,,,,,,,,,,,,,,,,,
1917-03-01,,,,,,,,,,,,,,,,,,,,,,,,,,,
1917-04-01,,,,,,,,,,,,,,,,,,,,,,,,,,,
1917-05-01,,,,,,,,,,,,,,,,,,,,,,,,,,,
1917-06-01,,,,,,,,,,,,,,,,,,,,,,,,,,,
1917-07-01,,,,,,,,,,,,,,,,,,,,,,,,,,,
1917-08-01,,,,,,,,,,,,,,,,,,,,,,,,,,,
1917-09-01,,,,,,,,,,,,,,,,,,,,,,,,,,,
1917-10-01,,,,,,,,,,,,,,,,,,,,,,,,,,,
1917-11-01,,,,,,,,,,,,,,,,,,,,,,,,,,,
1917-12-01,15.2,,14.2,13.5,,,14.3,13.2,13.0,,13.1,13.8,14.1,,11.6,11.8,13.7,,,,,,,,,,
1918-01-01,,,,,,,,,,,,,,,,,,,,,,,,,,,
1918-02-01,,,,,,,,,,,,,,,,,,,,,,,,,,,
1918-03-01,,,,,,,,,,,,,,,,,,,,,,,,,,,
1918-04-01,,,,,,,,,,,,,,,,,,,,,,,,,,,
1918-05-01,,,,,,,,,,,,,,,,,,,,,,,,,,,
1918-06-01,,,,,,,,,,,,,,,,,,,,,,,,,,,
1918-07-01,,,,,,,,,,,,,,,,,,,,,,,,,,,
1918-08-01,,,,,,,,,,,,,,,,,,,,,,,,,,,
1918-09-01,,,,,,,,,,,,,,,,,,,,,,,,,,,
1918-10-01,,,,,,,,,,,,,,,,,,,,,,,,,,,
1918-11-01,,,,,,,,,,,,,,,,,,,,,,,,,,,
1918-12-01,18.2,,17.3,16.3,,,17.0,15.9,15.8,,15.2,16.8,17.0,,14.1,15.4,16.0,,,,,,,,,,
1919-01-01,,,,,,,,,,,,,,,,,,,,,,,,,,,
1919-02-01,,,,,,,,,,,,,,,,,,,,,,,,,,,
1919-03-01,,,,,,,,,,,,,,,,,,,,,,,,,,,
1919-04-01,,,,,,,,,,,,,,,,,,,,,,,,,,,
1919-05-01,,,,,,,,,,,,,,,,,,,,,,,,,,,
1919-06-01,18.9,,17.4,16.6,,,17.8,16.4,16.4,,15.6,17.1,17.5,,14.7,16.0,16.2,,,,,,,,,,
1919-07-01,,,,,,,,,,,,,,,,,,,,,,,,,,,
1919-08-01,,,,,,,,,,,,,,,,,,,,,,,,,,,
1919-09-01,,,,,,,,,,,,,,,,,,,,,,,,,,,
1919-10-01,,,,,,,,,,,,,,,,,,,,,,,,,,,
1919-11-01,,,,,,,,,,,,,,,,,,,,,,,,,,,
1919-12-01,20.8,,19.5,18.9,,,19.9,18.5,18.6,,17.5,19.3,19.2,,16.3,18.2,18.4,,,,,,,,,,
1920-01-01,,,,,,,,,,,,,,,,,,,,,,,,,,,
1920-02-01,,,,,,,,,,,,,,,,,,,,,,,,,,,
1920-03-01,,,,,,,,,,,,,,,,,,,,,,,,,,,
1920-04-01,,,,,,,,,,,,,,,,,,,,,,,,,,,
1920-05-01,,,,,,,,,,,,,,,,,,,,,,,,,,,
1920-06-01,23.0,,21.5,20.8,,,22.9,19.7,20.4,,19.4,20.9,21.3,,17.5,19.6,21.1,,,,,,,,,,
1920-07-01,,,,,,,,,,,,,,,,,,,,,,,,,,,
1920-08-01,,,,,,,,,,,,,,,,,,,,,,,,,,,
1920-09-01,,,,,,,,,,,,,,,,,,,,,,,,,,,
1920-10-01,,,,,,,,,,,,,,,,,,,,,,,,,,,
1920-11-01,,,,,,,,,,,,,,,,,,,,,,,,,,,
1920-12-01,20.8,,20.2,18.9,,,21.2,18.9,19.9,,18.1,19.5,19.9,,16.5,17.9,18.8,,,,,,,,,,
1921-01-01,,,,,,,,,,,,,,,,,,,,,,,,,,,
1921-02-01,,,,,,,,,,,,,,,,,,,,,,,,,,,
1921-03-01,,,,,,,,,,,,,,,,,,,,,,,,,,,
1921-04-01,,,,,,,,,,,,,,,,,,,,,,,,,,,
1921-05-01,19.0,,18.0,17.9,,,19.0,16.9,18.5,,16.6,17.9,18.1,,15.2,16.8,17.2,,,,,,,,,,
1921-06-01,,,,,,,,,,,,,,,,,,,,,,,,,,,
1921-07-01,,,,,,,,,,,,,,,,,,,,,,,,,,,
1921-08-01,,,,,,,,,,,,,,,,,,,,,,,,,,,
1921-09-01,18.5,,18.0,17.8,,,18.5,16.6,18.3,,16.5,17.8,17.9,,15.0,16.3,17.2,,,,,,,,,,
1921-10-01,,,,,,,,,,,,,,,,,,,,,,,,,,,
1921-11-01,,,,,,,,,,,,,,,,,,,,,,,,,,,
1921-12-01,18.0,,17.8,17.5,,,17.9,16.4,18.4,,16.3,17.9,17.7,,15.0,16.0,16.7,,,,,,,,,,
1922-01-01,,,,,,,,,,,,,,,,,,,,,,,,,,,
1922-02-01,,,,,,,,,,,,,,,,,,,,,,,,,,,
1922-03-01,17.4,,16.9,,,,17.3,15.9,18.2,,15.8,17.1,17.3,,14.7,15.7,16.3,,,,,,,,,,
1922-04-01,,,,,,,,,,,,,,,,,,,,,,,,,,,
1922-05-01,,,,16.9,,,,,,,,,,,,,,,,,,,,,,,
1922-06-01,17.5,,16.8,17.0,,,17.4,15.8,18.1,,15.9,17.2,17.3,,14.6,15.6,16.5,,,,,,,,,,
1922-07-01,,,,,,,,,,,,,,,,,,,,,,,,,,,
1922-08-01,,,,,,,,,,,,,,,,,,,,,,,,,,,
1922-09-01,17.4,,16.9,17.0,,,17.3,15.7,18.0,,15.5,17.1,16.9,,14.5,15.5,16.2,,,,,,,,,,
1922-10-01,,,,,,,,,,,,,,,,,,,,,,,,,,,
1922-11-01,,,,,,,,,,,,,,,,,,,,,,,,,,,
1922-12-01,17.3,,17.3,17.1,,,17.5,15.9,18.1,,15.8,17.4,17.3,,14.6,15.5,16.4,,,,,,,,,,
1923-01-01,,,,,,,,,,,,,,,,,,,,,,,,,,,
1923-02-01,,,,,,,,,,,,,,,,,,,,,,,,,,,
1923-03-01,17.4,,17.1,17.2,,,17.7,15.7,18.0,,15.8,17.3,17.3,,14.4,15.1,16.5,,,,,,,,,,
1923-04-01,,,,,,,,,,,,,,,,,,,,,,,,,,,
1923-05-01,,,,,,,,,,,,,,,,,,,,,,,,,,,
1923-06-01,17.6,,17.1,17.3,,,18.0,15.9,18.3,,15.8,17.4,17.6,,14.6,15.5,16.6,,,,,,,,,,
1923-07-01,,,,,,,,,,,,,,,,,,,,,,,,,,,
1923-08-01,,,,,,,,,,,,,,,,,,,,,,,,,,,
1923-09-01,17.8,,17.6,17.7,,,18.4,16.0,18.5,,15.9,17.6,17.8,,14.8,15.6,16.9,,,,,,,,,,
1923-10-01,,,,,,,,,,,,,,,,,,,,,,,,,,,
1923-11-01,,,,,,,,,,,,,,,,,,,,,,,,,,,
1923-12-01,17.5,,17.8,17.7,,,18.2,16.1,18.6,,16.0,17.8,17.8,,15.0,15.6,16.8,,,,,,,,,,
1924-01-01,,,,,,,,,,,,,,,,,,,,,,,,,,,
1924-02-01,,,,,,,,,,,,,,,,,,,,,,,,,,,
1924-03-01,17.3,,17.3,17.6,,,18.1,15.9,18.5,,15.9,17.4,17.6,,14.6,15.5,16.7,,,,,,,,,,
1924-04-01,,,,,,,,,,,,,,,,,,,,,,,,,,,
1924-05-01,,,,,,,,,,,,,,,,,,,,,,,,,,,
1924-06-01,17.3,,17.2,17.7,,,18.1,15.6,18.3,,15.7,17.4,17.7,,14.6,15.6,16.7,,,,,,,,,,
1924-07-01,,,,,,,,,,,,,,,,,,,,,,,,,,,
1924-08-01,,,,,,,,,,,,,,,,,,,,,,,,,,,
1924-09-01,17.3,,17.5,17.8,,,17.9,15.8,18.4,,15.5,17.4,17.6,,14.7,15.5,16.7,,,,,,,,,,
1924-10-01,,,,,,,,,,,,,,,,,,,,,,,,,,,
1924-11-01,,,,,,,,,,,,,,,,,,,,,,,,,,,
1924-12-01,17.3,,17.6,17.9,,,17.9,16.0,18.2,,15.7,17.7,18.0,,14.8,15.6,16.9,,,,,,,,,,
1925-01-01,,,,,,,,,,,,,,,,,,,,,,,,,,,
1925-02-01,,,,,,,,,,,,,,,,,,,,,,,,,,,
1925-03-01,,,,,,,,,,,,,,,,,,,,,,,,,,,
1925-04-01,,,,,,,,,,,,,,,,,,,,,,,,,,,
1925-05-01,,,,,,,,,,,,,,,,,,,,,,,,,,,
1925-06-01,17.9,,17.5,18.2,,,18.3,16.1,18.5,,15.8,17.7,18.4,,15.1,16.0,17.3,,,,,,,,,,
1925-07-01,,,,,,,,,,,,,,,,,,,,,,,,,,,
1925-08-01,,,,,,,,,,,,,,,,,,,,,,,,,,,
1925-09-01,,,,,,,,,,,,,,,,,,,,,,,,,,,
1925-10-01,,,,,,,,,,,,,,,,,,,,,,,,,,,
1925-11-01,,,,,,,,,,,,,,,,,,,,,,,,,,,
1925-12-01,18.3,,18.5,18.6,,,18.6,16.4,18.5,,16.3,18.5,18.9,,15.3,16.0,17.7,,,,,,,,,,
1926-01-01,,,,,,,,,,,,,,,,,,,,,,,,,,,
1926-02-01,,,,,,,,,,,,,,,,,,,,,,,,,,,
1926-03-01,,,,,,,,,,,,,,,,,,,,,,,,,,,
1926-04-01,,,,,,,,,,,,,,,,,,,,,,,,,,,
1926-05-01,,,,,,,,,,,,,,,,,,,,,,,,,,,
1926-06-01,18.0,,18.1,18.3,,,18.4,16.0,17.8,,16.3,18.1,18.8,,15.0,15.8,17.6,,,,,,,,,,
1926-07-01,,,,,,,,,,,,,,,,,,,,,,,,,,,
1926-08-01,,,,,,,,,,,,,,,,,,,,,,,,,,,
1926-09-01,,,,,,,,,,,,,,,,,,,,,,,,,,,
1926-10-01,,,,,,,,,,,,,,,,,,,,,,,,,,,
1926-11-01,,,,,,,,,,,,,,,,,,,,,,,,,,,
1926-12-01,17.8,,18.2,18.3,,,18.2,16.0,17.8,,16.0,18.1,18.7,,15.0,15.7,17.6,,,,,,,,,,
1927-01-01,,,,,,,,,,,,,,,,,,,,,,,,,,,
1927-02-01,,,,,,,,,,,,,,,,,,,,,,,,,,,
1927-03-01,,,,,,,,,,,,,,,,,,,,,,,,,,,
1927-04-01,,,,,,,,,,,,,,,,,,,,,,,,,,,
1927-05-01,,,,,,,,,,,,,,,,,,,,,,,,,,,
1927-06-01,18.1,,18.0,18.3,,,18.2,15.7,17.8,,16.0,18.0,18.5,,15.0,15.8,17.6,,,,,,,,,,
1927-07-01,,,,,,,,,,,,,,,,,,,,,,,,,,,
1927-08-01,,,,,,,,,,,,,,,,,,,,,,,,,,,
1927-09-01,,,,,,,,,,,,,,,,,,,,,,,,,,,
1927-10-01,,,,,,,,,,,,,,,,,,,,,,,,,,,
1927-11-01,,,,,,,,,,,,,,,,,,,,,,,,,,,
1927-12-01,17.2,,18.0,17.8,,,17.7,15.8,17.5,,15.6,18.1,18.3,,14.9,15.4,17.1,,,,,,,,,,
1928-01-01,,,,,,,,,,,,,,,,,,,,,,,,,,,
1928-02-01,,,,,,,,,,,,,,,,,,,,,,,,,,,
1928-03-01,,,,,,,,,,,,,,,,,,,,,,,,,,,
1928-04-01,,,,,,,,,,,,,,,,,,,,,,,,,,,
1928-05-01,,,,,,,,,,,,,,,,,,,,,,,,,,,
1928-06-01,17.4,,17.5,17.6,,,17.4,15.5,17.2,,15.6,17.7,18.1,,14.8,15.3,16.9,,,,,,,,,,
1928-07-01,,,,,,,,,,,,,,,,,,,,,,,,,,,
1928-08-01,,,,,,,,,,,,,,,,,,,,,,,,,,,
1928-09-01,,,,,,,,,,,,,,,,,,,,,,,,,,,
1928-10-01,,,,,,,,,,,,,,,,,,,,,,,,,,,
1928-11-01,,,,,,,,,,,,,,,,,,,,,,,,,,,
1928-12-01,17.3,,17.8,17.7,,,17.4,15.6,17.4,,15.5,17.8,17.8,,15.0,15.4,16.9,,,,,,,,,,
1929-01-01,,,,,,,,,,,,,,,,,,,,,,,,,,,
1929-02-01,,,,,,,,,,,,,,,,,,,,,,,,,,,
1929-03-01,,,,,,,,,,,,,,,,,,,,,,,,,,,
1929-04-01,,,,,,,,,,,,,,,,,,,,,,,,,,,
1929-05-01,,,,,,,,,,,,,,,,,,,,,,,,,,,
1929-06-01,17.1,,17.5,17.6,,,17.6,15.6,17.2,,15.5,17.8,17.8,,14.8,15.5,17.1,,,,,,,,,,
1929-07-01,,,,,,,,,,,,,,,,,,,,,,,,,,,
1929-08-01,,,,,,,,,,,,,,,,,,,,,,,,,,,
1929-09-01,,,,,,,,,,,,,,,,,,,,,,,,,,,
1929-10-01,,,,,,,,,,,,,,,,,,,,,,,,,,,
1929-11-01,,,,,,,,,,,,,,,,,,,,,,,,,,,
1929-12-01,17.1,,17.8,17.7,,,17.5,15.8,17.2,,15.7,17.9,17.9,,14.9,15.5,17.2,,,,,,,,,,
1930-01-01,,,,,,,,,,,,,,,,,,,,,,,,,,,
1930-02-01,,,,,,,,,,,,,,,,,,,,,,,,,,,
1930-03-01,,,,,,,,,,,,,,,,,,,,,,,,,,,
1930-04-01,,,,,,,,,,,,,,,,,,,,,,,,,,,
1930-05-01,,,,,,,,,,,,,,,,,,,,,,,,,,,
1930-06-01,16.5,,17.4,17.4,,,17.2,15.4,16.7,,15.5,17.4,17.5,,14.6,15.5,16.8,,,,,,,,,,
1930-07-01,,,,,,,,,,,,,,,,,,,,,,,,,,,
1930-08-01,,,,,,,,,,,,,,,,,,,,,,,,,,,
1930-09-01,,,,,,,,,,,,,,,,,,,,,,,,,,,
1930-10-01,,,,,,,,,,,,,,,,,,,,,,,,,,,
1930-11-01,,,,,,,,,,,,,,,,,,,,,,,,,,,
1930-12-01,15.8,,16.9,16.6,,,15.9,14.7,16.0,,14.9,17.0,16.8,,14.1,14.4,16.0,,,,,,,,,,
1931-01-01,,,,,,,,,,,,,,,,,,,,,,,,,,,
1931-02-01,,,,,,,,,,,,,,,,,,,,,,,,,,,
1931-03-01,,,,,,,,,,,,,,,,,,,,,,,,,,,
1931-04-01,,,,,,,,,,,,,,,,,,,,,,,,,,,
1931-05-01,,,,,,,,,,,,,,,,,,,,,,,,,,,
1931-06-01,14.8,,15.7,15.6,,,14.8,13.8,14.9,,14.2,16.0,15.9,,13.3,13.9,14.9,,,,,,,,,,
1931-07-01,,,,,,,,,,,,,,,,,,,,,,,,,,,
1931-08-01,,,,,,,,,,,,,,,,,,,,,,,,,,,
1931-09-01,,,,,,,,,,,,,,,,,,,,,,,,,,,
1931-10-01,,,,,,,,,,,,,,,,,,,,,,,,,,,
1931-11-01,,,,,,,,,,,,,,,,,,,,,,,,,,,
1931-12-01,14.0,,15.3,14.9,,,13.9,13.4,14.6,,13.7,15.4,15.3,,12.9,13.4,14.2,,,,,,,,,,
1932-01-01,,,,,,,,,,,,,,,,,,,,,,,,,,,
1932-02-01,,,,,,,,,,,,,,,,,,,,,,,,,,,
1932-03-01,,,,,,,,,,,,,,,,,,,,,,,,,,,
1932-04-01,,,,,,,,,,,,,,,,,,,,,,,,,,,
1932-05-01,,,,,,,,,,,,,,,,,,,,,,,,,,,
1932-06-01,13.4,,14.1,13.6,,,12.9,12.3,13.6,,12.9,14.7,14.2,,12.2,12.6,13.4,,,,,,,,,,
1932-07-01,,,,,,,,,,,,,,,,,,,,,,,,,,,
1932-08-01,,,,,,,,,,,,,,,,,,,,,,,,,,,
1932-09-01,,,,,,,,,,,,,,,,,,,,,,,,,,,
1932-10-01,,,,,,,,,,,,,,,,,,,,,,,,,,,
1932-11-01,,,,,,,,,,,,,,,,,,,,,,,,,,,
1932-12-01,12.6,,13.8,12.9,,,12.1,11.7,13.1,,12.4,14.2,13.5,,12.0,12.1,12.9,,,,,,,,,,
1933-01-01,,,,,,,,,,,,,,,,,,,,,,,,,,,
1933-02-01,,,,,,,,,,,,,,,,,,,,,,,,,,,
1933-03-01,,,,,,,,,,,,,,,,,,,,,,,,,,,
1933-04-01,,,,,,,,,,,,,,,,,,,,,,,,,,,
1933-05-01,,,,,,,,,,,,,,,,,,,,,,,,,,,
1933-06-01,12.5,,13.4,12.4,,,11.7,11.6,12.5,,11.9,13.7,13.2,,11.7,12.0,12.6,,,,,,,,,,
1933-07-01,,,,,,,,,,,,,,,,,,,,,,,,,,,
1933-08-01,,,,,,,,,,,,,,,,,,,,,,,,,,,
1933-09-01,,,,,,,,,,,,,,,,,,,,,,,,,,,
1933-10-01,,,,,,,,,,,,,,,,,,,,,,,,,,,
1933-11-01,,,,,,,,,,,,,,,,,,,,,,,,,,,
1933-12-01,12.9,,13.9,12.7,,,12.3,12.1,13.0,,12.4,14.0,13.8,,12.1,12.1,12.9,,,,,,,,,,
1934-01-01,,,,,,,,,,,,,,,,,,,,,,,,,,,
1934-02-01,,,,,,,,,,,,,,,,,,,,,,,,,,,
1934-03-01,,,,,,,,,,,,,,,,,,,,,,,,,,,
1934-04-01,,,,,,,,,,,,,,,,,,,,,,,,,,,
1934-05-01,,,,,,,,,,,,,,,,,,,,,,,,,,,
1934-06-01,13.1,,14.1,12.7,,,12.8,12.2,12.9,,12.6,14.3,14.2,,12.2,12.2,13.2,,,,,,,,,,
1934-07-01,,,,,,,,,,,,,,,,,,,,,,,,,,,
1934-08-01,,,,,,,,,,,,,,,,,,,,,,,,,,,
1934-09-01,,,,,,,,,,,,,,,,,,,,,,,,,,,
1934-10-01,,,,,,,,,,,,,,,,,,,,,,,,,,,
1934-11-01,13.4,,14.2,12.8,,,12.8,12.6,13.3,,12.6,14.4,14.1,,12.5,12.4,13.3,,,,,,,,,,
1934-12-01,,,,,,,,,,,,,,,,,,,,,,,,,,,
1935-01-01,,,,,,,,,,,,,,,,,,,,,,,,,,,
1935-02-01,,,,,,,,,,,,,,,,,,,,,,,,,,,
1935-03-01,13.4,,14.5,13.3,,,13.3,12.8,13.6,,12.9,14.4,14.2,,12.6,12.7,13.6,,,,,,,,,,
1935-04-01,,,,,,,,,,,,,,,,,,,,,,,,,,,
1935-05-01,,,,,,,,,,,,,,,,,,,,,,,,,,,
1935-06-01,,,,,,,,,,,,,,,,,,,,,,,,,,,
1935-07-01,13.4,,14.2,13.4,,,13.4,12.6,13.2,,12.9,14.3,14.2,,12.3,12.5,13.7,,,,,,,,,,
1935-08-01,,,,,,,,,,,,,,,,,,,,,,,,,,,
1935-09-01,,,,,,,,,,,,,,,,,,,,,,,,,,,
1935-10-01,13.7,,14.3,13.4,,,13.4,12.7,13.1,,13.0,14.4,14.4,,12.3,12.5,13.7,,,,,,,,,,
1935-11-01,,,,,,,,,,,,,,,,,,,,,,,,,,,
1935-12-01,,,,,,,,,,,,,,,,,,,,,,,,,,,
1936-01-01,13.8,,14.4,13.4,,,13.6,12.8,13.4,,13.1,14.6,14.5,,12.4,12.7,13.8,,,,,,,,,,
1936-02-01,,,,,,,,,,,,,,,,,,,,,,,,,,,
1936-03-01,,,,,,,,,,,,,,,,,,,,,,,,,,,
1936-04-01,13.5,,14.3,13.3,,,13.6,12.6,13.2,,13.0,14.4,14.4,,12.2,12.5,13.7,,,,,,,,,,
1936-05-01,,,,,,,,,,,,,,,,,,,,,,,,,,,
1936-06-01,,,,,,,,,,,,,,,,,,,,,,,,,,,
1936-07-01,13.7,,14.5,13.6,,,14.0,12.9,13.4,,13.1,14.5,14.5,,12.4,12.7,13.9,,,,,,,,,,
1936-08-01,,,,,,,,,,,,,,,,,,,,,,,,,,,
1936-09-01,13.9,,14.5,13.8,,,14.1,13.0,13.7,,13.4,14.7,14.6,,12.4,12.9,14.1,,,,,,,,,,
1936-10-01,,,,,,,,,,,,,,,,,,,,,,,,,,,
1936-11-01,,,,,,,,,,,,,,,,,,,,,,,,,,,
1936-12-01,13.9,,14.3,13.7,,,14.0,13.0,13.7,,13.4,14.5,14.6,,12.4,12.9,13.9,,,,,,,,,,
1937-01-01,,,,,,,,,,,,,,,,,,,,,,,,,,,
1937-02-01,,,,,,,,,,,,,,,,,,,,,,,,,,,
1937-03-01,14.0,,14.6,13.9,,,14.4,13.3,14.3,,13.6,14.8,14.8,,12.8,13.3,14.2,,,,,,,,,,
1937-04-01,,,,,,,,,,,,,,,,,,,,,,,,,,,
1937-05-01,,,,,,,,,,,,,,,,,,,,,,,,,,,
1937-06-01,14.1,,14.8,14.2,,,14.8,13.3,14.2,,13.7,14.8,14.9,,12.8,13.3,14.3,,,,,,,,,,
1937-07-01,,,,,,,,,,,,,,,,,,,,,,,,,,,
1937-08-01,,,,,,,,,,,,,,,,,,,,,,,,,,,
1937-09-01,14.3,,15.1,14.4,,,14.9,13.5,14.4,,13.9,15.2,15.1,,12.9,13.5,14.5,,,,,,,,,,
1937-10-01,,,,,,,,,,,,,,,,,,,,,,,,,,,
1937-11-01,,,,,,,,,,,,,,,,,,,,,,,,,,,
1937-12-01,14.1,,14.7,14.2,,,15.0,13.5,14.3,,13.8,15.0,14.7,,13.0,13.4,14.3,,,,,,,,,,
1938-01-01,,,,,,,,,,,,,,,,,,,,,,,,,,,
1938-02-01,,,,,,,,,,,,,,,,,,,,,,,,,,,
1938-03-01,13.8,,14.3,13.9,,,14.6,13.3,14.0,,13.6,14.5,14.5,,12.8,13.3,14.0,,,,,,,,,,
1938-04-01,,,,,,,,,,,,,,,,,,,,,,,,,,,
1938-05-01,,,,,,,,,,,,,,,,,,,,,,,,,,,
1938-06-01,13.6,,14.3,14.0,,,14.5,13.2,14.0,,13.7,14.5,14.6,,12.8,13.2,14.0,,,,,,,,,,
1938-07-01,,,,,,,,,,,,,,,,,,,,,,,,,,,
1938-08-01,,,,,,,,,,,,,,,,,,,,,,,,,,,
1938-09-01,13.8,,14.3,14.0,,,14.3,13.3,14.0,,13.6,14.6,14.5,,12.8,13.2,14.0,,,,,,,,,,
1938-10-01,,,,,,,,,,,,,,,,,,,,,,,,,,,
1938-11-01,,,,,,,,,,,,,,,,,,,,,,,,,,,
1938-12-01,13.8,,14.2,13.8,,,14.2,13.3,14.1,,13.5,14.6,14.4,,12.8,13.2,13.8,,,,,,,,,,
1939-01-01,,,,,,,,,,,,,,,,,,,,,,,,,,,
1939-02-01,,,,,,,,,,,,,,,,,,,,,,,,,,,
1939-03-01,13.6,,14.1,13.7,,,14.0,13.1,14.0,,13.4,14.5,14.2,,12.7,13.1,13.8,,,,,,,,,,
1939-04-01,,,,,,,,,,,,,,,,,,,,,,,,,,,
1939-05-01,,,,,,,,,,,,,,,,,,,,,,,,,,,
1939-06-01,13.5,,14.0,13.6,,,13.9,13.1,13.8,,13.4,14.3,14.2,,12.5,13.1,13.6,,,,,,,,,,
1939-07-01,,,,,,,,,,,,,,,,,,,,,,,,,,,
1939-08-01,,,,,,,,,,,,,,,,,,,,,,,,,,,
1939-09-01,13.8,,14.3,13.8,,,14.1,13.3,14.1,,13.6,14.8,14.5,,12.8,13.3,14.0,,,,,,,,,,
1939-10-01,,,,,,,,,,,,,,,,,,,,,,,,,,,
1939-11-01,,,,,,,,,,,,,,,,,,,,,,,,,,,
1939-12-01,13.6,,14.1,13.7,,,14.0,13.2,13.9,,13.6,14.6,14.3,,12.6,13.1,13.8,,,,,,,,,,
1940-01-01,,,,,,,,,,,,,,,,,,,,,,,,,,,
1940-02-01,,,,,,,,,,,,,,,,,,,,,,,,,,,
1940-03-01,13.7,,14.3,13.7,,,14.1,13.2,13.9,,13.5,14.7,14.3,,12.6,13.2,13.8,,,,,,,,,,
1940-04-01,,,,,,,,,,,,,,,,,,,,,,,,,,,
1940-05-01,,,,,,,,,,,,,,,,,,,,,,,,,,,
1940-06-01,13.5,,14.4,13.9,,,14.2,13.2,13.9,,13.5,14.8,14.4,,12.6,13.2,13.8,,,,,,,,,,
1940-07-01,,,,,,,,,,,,,,,,,,,,,,,,,,,
1940-08-01,,,,,,,,,,,,,,,,,,,,,,,,,,,
1940-09-01,13.6,,14.3,13.8,,,14.1,13.2,14.0,,13.5,14.7,14.3,,12.7,13.2,13.9,,,,,,,,,,
1940-10-01,,,14.2,13.8,,,14.1,13.3,14.0,,13.5,14.6,14.3,,12.8,13.2,13.9,,,,,,,,,,
1940-11-01,,,14.2,13.8,,,14.1,13.3,14.1,,13.6,14.7,14.3,,12.8,13.2,13.9,,,,,,,,,,
1940-12-01,13.8,,14.3,13.9,,,14.2,13.3,14.1,,13.7,14.7,14.4,,12.8,13.3,14.1,,,,,,,,,,
1941-01-01,,,14.3,13.9,,,14.2,13.3,14.2,,13.6,14.7,14.4,,12.8,13.3,14.1,,,,,,,,,,
1941-02-01,,,14.3,13.9,,,14.3,13.3,14.0,,13.7,14.8,14.4,,12.9,13.3,14.0,,,,,,,,,,
1941-03-01,13.8,,14.3,13.9,,,14.4,13.3,14.1,,13.7,14.8,14.5,,12.9,13.4,14.1,,,,,,,,,,
1941-04-01,,,14.5,14.1,,,14.6,13.5,14.3,,13.7,14.9,14.6,,13.1,13.5,14.2,,,,,,,,,,
1941-05-01,,,14.6,14.2,,,14.6,13.5,14.4,,13.9,15.0,14.7,,13.1,13.8,14.2,,,,,,,,,,
1941-06-01,14.2,,14.8,14.4,,,15.0,13.6,14.6,,14.2,15.2,15.0,,13.3,13.9,14.5,,,,,,,,,,
1941-07-01,,,15.0,14.6,,,15.0,13.7,14.6,,14.3,15.3,15.0,,13.3,14.0,14.5,,,,,,,,,,
1941-08-01,,,15.1,14.7,,,15.1,13.8,14.7,,14.4,15.4,15.2,,13.4,14.1,14.6,,,,,,,,,,
1941-09-01,14.8,,15.3,15.0,,,15.4,14.1,15.0,,14.6,15.6,15.5,,13.6,14.5,15.0,,,,,,,,,,
1941-10-01,,,15.4,15.1,,,15.7,14.4,15.2,,14.8,15.7,15.7,,13.8,14.7,15.1,,,,,,,,,,
1941-11-01,,,15.7,15.2,,,15.8,14.5,15.3,,14.8,15.8,15.7,,14.0,14.7,15.3,,,,,,,,,,
1941-12-01,15.2,,15.6,15.2,,,15.9,14.6,15.5,,14.8,15.8,15.8,,14.0,14.9,15.4,,,,,,,,,,
1942-01-01,,,15.8,15.4,,,16.1,14.7,15.7,,15.0,16.1,16.1,,14.3,15.2,15.6,,,,,,,,,,
1942-02-01,,,16.0,15.4,,,16.2,14.9,15.8,,15.1,16.2,16.1,,14.4,15.3,15.7,,,,,,,,,,
1942-03-01,15.7,,16.1,15.6,,,16.5,15.1,16.1,,15.3,16.3,16.3,,14.6,15.5,16.0,,,,,,,,,,
1942-04-01,,,16.1,15.8,,,16.7,15.1,16.2,,15.4,16.4,16.5,,14.8,15.6,16.1,,,,,,,,,,
1942-05-01,,,16.3,16.0,,,16.7,15.2,16.3,,15.5,16.5,16.6,,14.8,15.8,16.1,,,,,,,,,,
1942-06-01,15.9,,16.4,16.0,,,16.7,15.1,16.4,,15.5,16.7,16.7,,14.9,15.5,16.2,,,,,,,,,,
1942-07-01,,,16.7,16.0,,,16.7,15.3,16.6,,15.6,16.8,16.9,,14.9,15.6,16.2,,,,,,,,,,
1942-08-01,,,16.6,16.1,,,16.6,15.4,16.8,,15.6,16.9,16.9,,15.1,15.8,16.3,,,,,,,,,,
1942-09-01,16.1,,16.8,16.1,,,16.7,15.5,16.8,,15.7,16.9,17.0,,15.2,16.0,16.2,,,,,,,,,,
1942-10-01,,,17.0,16.3,,,16.9,15.5,17.0,,15.8,17.1,17.1,,15.3,16.1,16.4,,,,,,,,,,
1942-11-01,,,17.1,16.4,,,17.0,15.5,17.1,,15.9,17.3,17.2,,15.6,16.2,16.5,,,,,,,,,,
1942-12-01,16.4,,17.1,16.4,,,17.1,15.6,17.1,,16.0,17.4,17.4,,15.6,16.4,16.7,,,,,,,,,,
1943-01-01,,,17.1,16.4,,,17.1,15.7,17.1,,15.9,17.5,17.4,,15.7,16.4,16.6,,,,,,,,,,
1943-02-01,,,17.1,16.5,,,17.2,15.8,17.0,,16.0,17.5,17.4,,15.7,16.4,16.7,,,,,,,,,,
1943-03-01,16.9,,17.4,16.8,,,17.5,16.2,17.2,,16.2,17.8,17.6,,15.9,16.6,16.9,,,,,,,,,,
1943-04-01,,,17.5,16.9,,,17.6,16.2,17.4,,16.2,17.9,18.0,,16.2,16.7,17.1,,,,,,,,,,
1943-05-01,,,17.6,17.1,,,17.9,16.3,17.4,,16.3,18.1,18.1,,16.2,16.9,17.3,,,,,,,,,,
1943-06-01,17.2,,17.5,17.0,,,17.9,16.1,17.4,,16.3,18.1,18.0,,16.2,16.8,17.2,,,,,,,,,,
1943-07-01,,,17.3,16.8,,,17.8,16.0,17.3,,16.2,18.1,17.8,,15.8,16.5,17.1,,,,,,,,,,
1943-08-01,,,17.3,16.9,,,17.5,15.9,17.2,,16.2,17.9,17.8,,15.7,16.4,17.1,,,,,,,,,,
1943-09-01,17.1,,17.3,17.0,,,17.5,16.1,17.3,,16.2,18.1,17.8,,15.8,16.7,17.1,,,,,,,,,,
1943-10-01,,,17.5,17.0,,,17.6,16.1,17.4,,16.3,18.2,17.9,,16.0,16.8,17.1,,,,,,,,,,
1943-11-01,,,17.4,16.9,,,17.5,16.1,17.5,,16.3,18.2,17.9,,16.1,16.8,17.1,,,,,,,,,,
1943-12-01,17.1,,17.4,16.9,,,17.7,16.1,17.5,,16.4,18.2,17.9,,16.1,16.8,17.1,,,,,,,,,,
1944-01-01,,,17.4,16.8,,,17.6,16.1,17.4,,16.2,18.2,17.9,,16.1,16.8,17.1,,,,,,,,,,
1944-02-01,,,17.3,16.8,,,17.5,16.1,17.4,,16.2,18.1,17.9,,16.0,16.7,17.0,,,,,,,,,,
1944-03-01,17.0,,17.3,16.8,,,17.5,16.0,17.4,,16.3,18.2,17.8,,16.1,16.8,17.1,,,,,,,,,,
1944-04-01,,,17.5,17.0,,,17.7,16.1,17.4,,16.3,18.3,17.9,,16.2,16.8,17.2,,,,,,,,,,
1944-05-01,,,17.5,17.0,,,17.7,16.2,17.6,,16.4,18.4,18.0,,16.4,16.9,17.3,,,,,,,,,,
1944-06-01,17.3,,17.5,17.1,,,17.8,16.2,17.5,,16.4,18.4,18.1,,16.3,16.9,17.3,,,,,,,,,,
1944-07-01,,,17.6,17.3,,,18.0,16.3,17.5,,16.5,18.5,18.1,,16.4,17.0,17.5,,,,,,,,,,
1944-08-01,,,17.7,17.3,,,18.0,16.3,17.6,,16.5,18.5,18.2,,16.4,17.0,17.4,,,,,,,,,,
1944-09-01,17.5,,17.8,17.3,,,18.0,16.3,17.7,,16.5,18.5,18.2,,16.4,17.0,17.4,,,,,,,,,,
1944-10-01,,,17.6,17.3,,,17.9,16.3,17.8,,16.5,18.5,18.1,,16.6,17.1,17.3,,,,,,,,,,
1944-11-01,,,17.7,17.3,,,17.9,16.2,17.8,,16.5,18.6,18.1,,16.6,17.1,17.4,,,,,,,,,,
1944-12-01,17.7,,17.8,17.3,,,18.0,16.3,17.9,,16.5,18.6,18.2,,16.8,17.2,17.4,,,,,,,,,,
1945-01-01,,,17.8,17.3,,,18.0,16.4,17.9,,16.5,18.6,18.3,,16.7,17.2,17.5,,,,,,,,,,
1945-02-01,,,17.8,17.3,,,18.0,16.3,17.8,,16.5,18.6,18.4,,16.6,17.1,17.4,,,,,,,,,,
1945-03-01,17.7,,17.7,17.3,,,18.0,16.3,17.9,,16.5,18.5,18.3,,16.7,17.2,17.4,,,,,,,,,,
1945-04-01,,,17.7,17.3,,,18.0,16.4,18.0,,16.5,18.6,18.3,,16.8,17.2,17.4,,,,,,,,,,
1945-05-01,,,17.8,17.6,,,18.2,16.5,18.0,,16.6,18.7,18.5,,16.7,17.3,17.6,,,,,,,,,,
1945-06-01,17.9,,18.1,17.6,,,18.4,16.6,18.0,,16.7,18.9,18.6,,16.8,17.3,17.7,,,,,,,,,,
1945-07-01,,,18.1,17.6,,,18.4,16.7,18.1,,16.7,19.1,18.7,,16.9,17.4,17.7,,,,,,,,,,
1945-08-01,,,18.1,17.6,,,18.5,16.7,18.1,,16.7,19.0,18.7,,16.8,17.4,17.7,,,,,,,,,,
1945-09-01,18.1,,18.0,17.5,,,18.4,16.7,18.3,,16.8,18.9,18.6,,16.8,17.4,17.6,,,,,,,,,,
1945-10-01,,,17.9,17.5,,,18.4,16.6,18.3,,16.8,18.9,18.6,,16.8,17.3,17.7,,,,,,,,,,
1945-11-01,,,18.0,17.5,,,18.5,16.6,18.4,,16.9,19.0,18.6,,17.0,17.4,17.6,,,,,,,,,,
1945-12-01,18.1,,18.0,17.6,,,18.5,16.7,18.5,,16.9,19.1,18.7,,17.2,17.6,17.9,,,,,,,,,,
1946-01-01,,,18.1,17.6,,,18.6,16.6,18.4,,16.9,19.2,18.7,,17.0,17.5,17.9,,,,,,,,,,
1946-02-01,,,18.0,17.6,,,18.6,16.6,18.4,,16.9,19.2,18.7,,16.8,17.5,17.8,,,,,,,,,,
1946-03-01,18.1,,18.1,17.6,,,18.6,16.7,18.4,,16.9,19.3,18.8,,16.9,17.6,17.9,,,,,,,,,,
1946-04-01,,,18.2,17.8,,,18.8,16.8,18.5,,17.0,19.5,18.9,,16.9,17.6,18.0,,,,,,,,,,
1946-05-01,,,18.2,17.9,,,19.0,16.8,18.6,,17.1,19.6,19.0,,17.0,17.7,18.0,,,,,,,,,,
1946-06-01,18.4,,18.4,18.0,,,19.2,17.1,18.8,,17.3,19.8,19.2,,17.4,17.9,18.3,,,,,,,,,,
1946-07-01,,,19.8,19.4,,,20.4,17.9,19.7,,18.5,21.0,20.3,,18.2,18.7,19.5,,,,,,,,,,
1946-08-01,,,20.2,19.8,,,20.5,18.4,20.0,,18.7,21.3,20.9,,18.7,19.0,19.9,,,,,,,,,,
1946-09-01,20.2,,20.4,20.0,,,20.7,18.7,20.1,,19.1,21.8,21.2,,19.1,19.4,19.9,,,,,,,,,,
1946-10-01,,,20.8,20.6,,,21.0,18.9,20.5,,19.6,22.3,21.5,,19.4,19.9,20.4,,,,,,,,,,
1946-11-01,,,21.1,21.0,,,21.4,19.7,21.4,,20.0,22.5,21.9,,20.1,20.3,21.0,,,,,,,,,,
1946-12-01,21.4,,21.3,21.1,,,21.6,20.0,21.4,,20.1,22.7,22.2,,20.3,20.6,21.1,,,,,,,,,,
1947-01-01,,,21.4,21.1,,,21.6,20.2,21.5,,19.9,22.6,22.1,,20.1,20.4,21.1,,,,,,,,,,
1947-02-01,,,21.3,21.0,,,21.6,20.2,21.6,,20.0,22.5,22.0,,20.0,20.3,21.1,,,,,,,,,,
1947-03-01,22.2,,21.7,21.5,,,22.1,20.6,21.7,,20.3,23.0,22.7,,20.3,20.7,21.7,,,,,,,,,,
1947-04-01,,,21.5,21.4,,,22.1,20.8,21.8,,20.3,22.9,22.5,,20.4,20.8,21.6,,,,,,,,,,
1947-05-01,,,21.4,21.5,,,22.1,20.7,21.8,,20.3,22.7,22.5,,20.3,20.8,21.5,,,,,,,,,,
1947-06-01,21.9,,21.7,21.8,,,22.4,20.7,21.7,,20.5,22.9,22.8,,20.1,20.7,21.7,,,,,,,,,,
1947-07-01,,,21.9,22.0,,,22.6,20.8,21.8,,,23.0,23.0,,,,,,,,,,,,,,
1947-08-01,22.3,,22.3,22.4,,,23.0,21.0,21.9,,,23.2,23.2,,,21.2,,,,,,,,,,,
1947-09-01,,,22.9,23.1,,,23.2,21.3,22.4,,21.8,23.6,23.7,,21.0,,23.1,,,,,,,,,,
1947-10-01,,,22.7,23.0,,,23.6,21.5,22.4,,,23.6,23.6,,,,,,,,,,,,,,
1947-11-01,23.1,,22.8,23.1,,,23.5,21.8,22.8,,,23.9,23.8,,,21.8,,,,,,,,,,,
1947-12-01,,,23.2,23.4,,,23.9,22.2,23.0,,22.3,24.1,24.2,,21.4,,23.4,,,,,,,,,,
1948-01-01,,,23.5,23.5,,,24.1,22.4,23.3,,,24.4,24.4,,,,,,,,,,,,,,
1948-02-01,23.3,,23.3,23.2,,,23.9,22.4,23.4,,,24.3,24.2,,,22.4,,,,,,,,,,,
1948-03-01,,,23.2,23.2,,,23.8,22.4,23.3,,22.5,24.0,24.0,,21.7,,23.4,,,,,,,,,,
1948-04-01,,,23.6,23.7,,,24.3,22.5,23.5,,,24.4,24.6,,,,,,,,,,,,,,
1948-05-01,23.6,,23.7,24.0,,,24.5,22.5,23.5,,,24.5,24.8,,,22.9,,,,,,,,,,,
1948-06-01,,,24.0,24.2,,,24.7,22.7,23.5,,23.0,24.7,25.0,,22.0,,24.0,,,,,,,,,,
1948-07-01,,,24.3,24.5,,,24.9,22.9,23.7,,,25.2,25.1,,,,,,,,,,,,,,
1948-08-01,24.4,,24.4,24.6,,,24.9,23.1,23.8,,,25.3,25.4,,,23.2,,,,,,,,,,,
1948-09-01,,,24.4,24.7,,,24.8,23.1,23.8,,23.3,25.3,25.4,,22.4,,24.4,,,,,,,,,,
1948-10-01,,,24.3,24.5,,,24.7,23.0,23.9,,,25.1,25.3,,,,,,,,,,,,,,
1948-11-01,24.0,,24.1,24.2,,,24.5,22.9,24.0,,,25.0,25.0,,,22.9,,,,,,,,,,,
1948-12-01,,,23.8,24.1,,,24.5,22.9,24.1,,22.9,24.7,24.8,,22.4,,23.9,,,,,,,,,,
1949-01-01,,,23.7,24.0,,,24.3,22.8,24.1,,,24.7,24.6,,,,,,,,,,,,,,
1949-02-01,23.6,,23.3,23.8,,,24.2,22.5,23.9,,,24.4,24.5,,,23.0,,,,,,,,,,,
1949-03-01,,,23.5,24.0,,,24.2,22.5,23.9,,22.8,24.5,24.6,,22.1,,23.6,,,,,,,,,,
1949-04-01,,,23.5,24.1,,,24.2,22.6,23.9,,,24.6,24.6,,,,,,,,,,,,,,
1949-05-01,23.7,,23.5,24.0,,,24.3,22.5,23.7,,,24.5,24.7,,,22.8,,,,,,,,,,,
1949-06-01,,,23.6,24.2,,,24.3,22.5,23.6,,22.7,24.5,24.6,,22.0,,23.7,,,,,,,,,,
1949-07-01,,,23.5,23.9,,,24.1,22.5,23.4,,,24.5,24.4,,,,,,,,,,,,,,
1949-08-01,24.0,,23.7,24.0,,,24.1,22.6,23.4,,,24.5,24.5,,,22.5,,,,,,,,,,,
1949-09-01,,,23.9,24.2,,,24.1,22.7,23.4,,22.7,24.6,24.6,,21.9,,23.6,,,,,,,,,,
1949-10-01,,,23.7,24.0,,,23.9,22.8,23.3,,,24.3,24.6,,,,,,,,,,,,,,
1949-11-01,23.8,,23.7,24.1,,,24.1,23.0,23.4,,,24.3,24.5,,,22.7,,,,,,,,,,,
1949-12-01,,,23.5,23.8,,,24.0,23.0,23.2,,22.5,24.2,24.3,,21.7,,23.4,,,,,,,,,,
1950-01-01,,,23.4,23.7,,,23.9,22.9,23.4,,,24.0,24.1,,,,,,,,,,,,,,
1950-02-01,23.4,,23.3,23.7,,,23.8,22.9,23.3,,,24.1,24.1,,,22.6,,,,,,,,,,,
1950-03-01,,,23.5,23.8,,,24.0,23.0,23.4,,22.4,24.1,24.2,,21.8,,23.4,,,,,,,,,,
1950-04-01,,,23.5,23.7,,,24.0,22.9,23.4,,,24.2,24.2,,,,,,,,,,,,,,
1950-05-01,23.6,,23.5,24.0,,,24.2,22.9,23.4,,,24.2,24.3,,,22.6,,,,,,,,,,,
1950-06-01,,,23.8,24.0,,,24.4,23.0,23.4,,22.7,24.3,24.5,,21.7,,23.5,,,,,,,,,,
1950-07-01,,,24.0,24.3,,,24.6,23.2,23.5,,,24.7,24.7,,,,,,,,,,,,,,
1950-08-01,24.4,,24.2,24.5,,,24.7,23.6,23.8,,,24.7,24.9,,,23.0,,,,,,,,,,,
1950-09-01,,,24.2,24.6,,,25.0,23.8,23.9,,23.1,25.0,25.1,,22.1,,24.2,,,,,,,,,,
1950-10-01,,,24.4,24.7,,,25.2,23.8,24.1,,,25.1,25.2,,,,,,,,,,,,,,
1950-11-01,24.8,,24.4,24.8,,,25.3,23.9,24.3,,,25.3,25.2,,,23.8,,,,,,,,,,,
1950-12-01,,,24.6,25.2,,,25.5,24.3,24.6,,23.8,25.6,25.8,,22.9,,24.9,,,,,,,,,,
1951-01-01,,,25.0,25.5,,,25.9,24.8,25.0,,,25.9,26.3,,,,,,,,,,,,,,
1951-02-01,25.8,,25.3,25.9,,,26.2,25.0,25.5,,,26.3,26.9,,,24.5,,,,,,,,,,,
1951-03-01,,,25.3,25.9,,,26.3,25.1,25.7,,24.5,26.3,26.9,,23.8,,25.8,,,,,,,,,,
1951-04-01,,,25.3,26.0,,,26.3,25.2,25.7,,,26.3,27.0,,,,,,,,,,,,,,
1951-05-01,26.5,,25.4,26.0,,,26.3,25.2,25.7,,,26.5,27.0,,,24.9,,,,,,,,,,,
1951-06-01,,,25.4,26.1,,,26.5,25.1,25.7,,24.6,26.3,26.9,,23.7,,25.8,,,,,,,,,,
1951-07-01,,,25.5,26.2,,,26.5,25.2,25.8,,,26.4,26.9,,,,,,,,,,,,,,
1951-08-01,26.5,,25.5,26.2,,,26.5,25.2,25.8,,,26.4,26.9,,,24.8,,,,,,,,,,,
1951-09-01,,,25.6,26.3,,,26.6,25.3,25.9,,24.5,26.6,27.0,,23.7,,25.9,,,,,,,,,,
1951-10-01,,,25.8,26.5,,,26.7,25.4,25.9,,,26.7,27.1,,,,,,,,,,,,,,
1951-11-01,26.9,,25.9,26.7,,,26.9,25.5,26.2,,,26.8,27.4,,,25.3,,,,,,,,,,,
1951-12-01,,,26.0,26.6,,,27.0,25.6,26.3,,25.1,26.8,27.4,,24.3,,26.5,,,,,,,,,,
1952-01-01,,,25.9,26.6,,,27.0,25.5,26.3,,,26.8,27.4,,,,,,,,,,,,,,
1952-02-01,26.8,,25.8,26.3,,,26.8,25.4,26.3,,,26.7,27.1,,,25.4,,,,,,,,,,,
1952-03-01,,,25.8,26.4,,,26.8,25.4,26.4,,25.2,26.6,27.2,,24.3,,26.5,,,,,,,,,,
1952-04-01,,,25.8,26.5,,,27.0,25.4,26.4,,,26.7,27.3,,,,,,,,,,,,,,
1952-05-01,26.7,,25.9,26.7,,,27.0,25.4,26.4,,,26.7,27.3,,,25.5,,,,,,,,,,,
1952-06-01,,,26.0,26.8,,,27.0,25.4,26.5,,25.5,26.7,27.4,,24.8,,26.8,,,,,,,,,,
1952-07-01,,,26.4,26.9,,,27.2,25.5,26.5,,,27.1,27.7,,,,,,,,,,,,,,
1952-08-01,27.3,,26.4,27.0,,,27.3,25.6,26.5,,,27.1,27.7,,,25.5,,,,,,,,,,,
1952-09-01,,,26.3,26.9,,,27.2,25.5,26.5,,25.5,27.1,27.7,,24.7,,26.8,,,,,,,,,,
1952-10-01,,,26.3,26.9,,,27.4,25.7,26.5,,,27.1,27.7,,,,,,,,,,,,,,
1952-11-01,27.3,,26.1,26.9,,,27.4,25.7,26.6,,,27.2,27.7,,,25.7,,,,,,,,,,,
1952-12-01,27.2,,26.0,26.8,,,27.6,25.8,26.6,,25.4,27.0,27.7,,24.9,,26.7,,,,,,,,,,
1953-01-01,,,26.0,26.7,,,27.5,,26.6,,25.4,26.9,27.6,,,,,,,,,,,,,,
1953-02-01,,,,26.6,,,27.3,25.7,26.5,,,26.8,27.4,,,25.5,,,,,,,,,,,
1953-03-01,27.2,,,26.6,,,27.4,,26.6,,,26.8,27.5,,24.9,,26.6,,,,,,,,,,
1953-04-01,,,25.9,26.7,,,27.4,,26.7,,25.5,26.8,27.4,,,,,,,,,,,,,,
1953-05-01,,,,26.8,,,27.5,25.8,26.6,,,26.8,27.5,,,25.8,,,,,,,,,,,
1953-06-01,27.3,,,26.9,,,27.7,,26.6,,,27.0,27.7,,25.0,,26.9,,,,,,,,,,
1953-07-01,,,26.2,27.0,,,27.8,,26.7,,25.7,27.1,27.7,,,,,,,,,,,,,,
1953-08-01,,,,27.2,,,27.8,25.8,26.7,,,27.2,27.7,,,25.9,,,,,,,,,,,
1953-09-01,27.4,,,27.2,,,27.8,,26.8,,,27.3,27.8,,25.2,,27.2,,,,,,,,,,
1953-10-01,,,26.4,27.4,,,27.9,,26.8,,25.9,27.3,27.8,,,,,,,,,,,,,,
1953-11-01,,,,27.2,,,27.7,25.9,26.8,,,27.2,27.7,,,25.8,,,,,,,,,,,
1953-12-01,27.3,,,27.2,,,27.7,,26.7,,,27.3,27.7,,25.2,,27.2,,,,,,,,,,
1954-01-01,,,26.1,27.2,,,27.8,,27.0,,25.9,27.3,27.8,,,,,,,,,,,,,,
1954-02-01,,,,27.2,,,27.7,25.9,26.9,,,27.2,27.8,,,25.8,,,,,,,,,,,
1954-03-01,27.3,,,27.2,,,27.7,,26.8,,,27.1,27.7,,25.1,,27.2,,,,,,,,,,
1954-04-01,,,26.1,27.2,,,27.7,,26.7,,25.8,27.2,27.8,,,,,,,,,,,,,,
1954-05-01,,,,27.4,,,27.8,25.8,26.7,,,27.2,27.8,,,25.8,,,,,,,,,,,
1954-06-01,27.4,,,27.4,,,27.8,,26.7,,,27.2,28.0,,25.1,,27.3,,,,,,,,,,
1954-07-01,,,26.4,27.6,,,27.9,,26.5,,26.0,27.3,28.1,,,,,,,,,,,,,,
1954-08-01,,,,27.5,,,27.7,25.8,26.6,,,27.3,28.0,,,25.8,,,,,,,,,,,
1954-09-01,27.1,,,27.4,,,27.6,,26.6,,,27.2,28.0,,25.0,,26.9,,,,,,,,,,
1954-10-01,,,26.3,27.4,,,27.6,,26.5,,25.9,27.2,28.0,,,,,,,,,,,,,,
1954-11-01,,,,27.5,,,27.8,25.8,26.5,,,27.2,28.0,,,25.7,,,,,,,,,,,
1954-12-01,27.0,,,27.3,,,27.6,,26.6,,,27.1,27.9,,24.9,,26.8,,,,,,,,,,
1955-01-01,,,26.2,27.3,,,27.6,,26.6,,25.9,27.1,27.9,,,,,,,,,,,,,,
1955-02-01,,,,27.4,,,27.6,25.6,26.5,,,27.2,27.9,,,25.8,,,,,,,,,,,
1955-03-01,26.9,,,27.3,,,27.6,,26.6,,,27.1,27.9,,24.9,,26.9,,,,,,,,,,
1955-04-01,,,26.3,27.3,,,27.6,,26.4,,26.0,27.1,27.9,,,,,,,,,,,,,,
1955-05-01,,,,27.4,,,27.7,25.5,26.6,,,27.0,27.9,,,25.9,,,,,,,,,,,
1955-06-01,27.0,,,27.4,,,27.7,,26.6,,,27.0,27.9,,24.9,,26.9,,,,,,,,,,
1955-07-01,,,26.4,27.6,,,27.7,,26.7,,26.1,27.0,27.9,,,,,,,,,,,,,,
1955-08-01,,,,27.7,,,27.7,25.5,26.6,,,27.0,27.9,,,25.9,,,,,,,,,,,
1955-09-01,27.3,,,27.8,,,27.8,,26.8,,,27.2,27.8,,24.9,,27.1,,,,,,,,,,
1955-10-01,,,26.5,27.8,,,27.7,,26.8,,25.8,27.1,27.8,,,,,,,,,,,,,,
1955-11-01,,,,27.8,,,27.7,25.8,26.8,,,27.2,27.7,,,26.1,,,,,,,,,,,
1955-12-01,27.3,,,27.7,,,27.7,,26.8,,,27.0,27.7,,24.9,,27.0,,,,,,,,,,
1956-01-01,,,26.6,27.6,,,27.6,,26.8,,25.8,27.1,27.7,,,,,,,,,,,,,,
1956-02-01,,,,27.6,,,27.7,25.8,26.7,,,27.1,27.7,,,25.8,,,,,,,,,,,
1956-03-01,27.2,,,27.5,,,27.8,,26.8,,,27.1,27.9,,25.1,,26.9,,,,,,,,,,
1956-04-01,,,26.7,27.6,,,27.9,,26.8,,25.7,27.1,28.0,,,,,,,,,,,,,,
1956-05-01,,,,27.7,,,28.0,25.8,27.0,,,27.3,28.0,,,26.0,,,,,,,,,,,
1956-06-01,27.5,,,27.9,,,28.2,,27.1,,,27.4,28.2,,25.4,,27.2,,,,,,,,,,
1956-07-01,,,27.3,28.2,,,28.6,,27.2,,26.1,27.6,28.5,,,,,,,,,,,,,,
1956-08-01,,,,28.0,,,28.4,26.1,27.1,,,27.6,28.5,,,26.4,,,,,,,,,,,
1956-09-01,27.7,,,28.1,,,28.4,,27.2,,,27.8,28.6,,25.6,,27.4,,,,,,,,,,
1956-10-01,,,27.7,28.3,,,28.5,,27.3,,26.1,27.9,28.6,,,,,,,,,,,,,,
1956-11-01,,,,28.3,,,28.6,26.5,27.5,,,27.9,28.5,,,26.7,,,,,,,,,,,
1956-12-01,27.8,,,28.3,,,28.6,,27.6,,,27.9,28.6,,26.2,,27.7,,,,,,,,,,
1957-01-01,,,27.6,28.3,,,28.6,,27.6,,26.5,27.9,28.7,,,,,,,,,,,,,,
1957-02-01,,,,28.4,,,28.7,26.7,27.8,,,28.0,28.9,,,27.1,,,,,,,,,,,
1957-03-01,28.1,,,28.4,,,28.7,,27.8,,,28.0,28.9,,26.3,,27.9,,,,,,,,,,
1957-04-01,,,27.9,28.5,,,28.8,,27.8,,26.6,28.2,28.9,,,,,,,,,,,,,,
1957-05-01,,,,28.6,,,29.0,26.8,27.9,,,28.3,28.9,,,27.3,,,,,,,,,,,
1957-06-01,28.2,,,28.7,,,29.1,,27.9,,,28.4,29.0,,26.4,,28.1,,,,,,,,,,
1957-07-01,,,28.3,29.0,,,29.2,,28.0,,27.0,28.6,29.2,,,,,,,,,,,,,,
1957-08-01,,,,29.0,,,29.2,27.0,28.0,,,28.6,29.4,,,27.5,,,,,,,,,,,
1957-09-01,28.5,,,29.1,,,29.2,,28.2,,,28.5,29.4,,26.6,,28.3,,,,,,,,,,
1957-10-01,,,28.3,29.2,,,29.1,,28.2,,27.1,28.6,29.4,,,,,,,,,,,,,,
1957-11-01,,,,29.4,,,29.3,27.1,28.4,,,28.6,29.5,,,27.5,,,,,,,,,,,
1957-12-01,28.5,,,29.4,,,29.3,,28.4,,,28.6,29.5,,26.9,,28.4,,,,,,,,,,
1958-01-01,,,28.6,29.5,,,29.4,,28.6,,27.3,29.0,29.5,,,,,,,,,,,,,,
1958-02-01,,,,29.5,,,29.4,27.1,28.6,,,29.0,29.5,,,27.8,,,,,,,,,,,
1958-03-01,29.1,,,29.7,,,29.5,,28.8,,,29.2,29.7,,27.3,,28.9,,,,,,,,,,
1958-04-01,,,28.9,29.7,,,29.5,,29.0,,27.5,29.2,29.7,,,,,,,,,,,,,,
1958-05-01,,,,29.7,,,29.5,27.4,28.9,,,29.2,29.7,,,28.0,,,,,,,,,,,
1958-06-01,29.1,,,29.8,,,29.5,,28.9,,,29.2,29.7,,27.6,,28.9,,,,,,,,,,
1958-07-01,,,29.1,29.8,,,29.5,,29.0,,27.7,29.2,29.8,,,,,,,,,,,,,,
1958-08-01,,,,29.7,,,29.4,27.4,28.9,,,29.2,29.8,,,28.0,,,,,,,,,,,
1958-09-01,29.0,,,29.8,,,29.4,,29.1,,,29.3,29.8,,27.6,,29.1,,,,,,,,,,
1958-10-01,,,29.1,29.8,,,29.3,,29.1,,27.6,29.3,29.8,,,,,,,,,,,,,,
1958-11-01,,,,29.8,,,29.3,27.5,29.2,,,29.4,29.8,,,28.0,,,,,,,,,,,
1958-12-01,29.0,,,29.7,,,29.3,,29.2,,,29.3,29.8,,27.6,,29.2,,,,,,,,,,
1959-01-01,,,29.1,29.7,,,29.3,,29.2,,27.8,29.4,29.8,,,,,,,,,,,,,,
1959-02-01,,,,29.7,,,29.3,27.4,29.2,,,29.4,29.8,,,28.2,,,,,,,,,,,
1959-03-01,28.9,,,29.7,,,29.2,,29.2,,,29.4,29.8,,27.8,,29.3,,,,,,,,,,
1959-04-01,,,29.0,29.8,,,29.3,,29.2,,27.7,29.4,29.8,,,,,,,,,,,,,,
1959-05-01,,,,29.8,,,29.3,27.4,29.3,,,29.4,29.7,,,28.4,,,,,,,,,,,
1959-06-01,29.2,,,29.9,,,29.3,,29.3,,,29.6,29.9,,27.9,,29.4,,,,,,,,,,
1959-07-01,,,29.1,30.0,,,29.5,,29.4,,27.8,29.8,30.0,,,,,,,,,,,,,,
1959-08-01,,,,30.0,,,29.4,27.6,29.4,,,29.7,30.0,,,28.6,,,,,,,,,,,
1959-09-01,29.3,,,30.2,,,29.6,,29.5,,,29.8,30.4,,28.2,,29.4,,,,,,,,,,
1959-10-01,,,29.4,30.2,,,29.7,,29.7,,28.1,29.9,30.4,,,,,,,,,,,,,,
1959-11-01,,,,30.2,,,29.5,27.7,29.7,,,30.0,30.5,,,28.7,,,,,,,,,,,
1959-12-01,29.4,,,30.2,,,29.5,,29.8,,,30.0,30.5,,28.4,,29.4,,,,,,,,,,
1960-01-01,,,29.3,30.1,,,29.3,,29.8,,28.0,30.0,30.3,,,,,,,,,,,,,,
1960-02-01,,,,30.2,,,29.4,27.8,29.7,,,30.0,30.3,,,28.6,,,,,,,,,,,
1960-03-01,29.5,,,30.2,,,29.4,,29.9,,,30.0,30.4,,28.3,,29.4,,,,,,,,,,
1960-04-01,,,29.8,30.3,,,29.5,,30.0,,28.2,30.1,30.5,,,,,,,,,,,,,,
1960-05-01,,,,30.3,,,29.5,27.7,30.0,,,30.1,30.5,,,28.8,,,,,,,,,,,
1960-06-01,29.6,,,30.4,,,29.7,,29.9,,,30.1,30.5,,28.5,,29.6,,,,,,,,,,
1960-07-01,,,29.8,30.5,,,29.9,,29.9,,28.3,30.1,30.6,,,,,,,,,,,,,,
1960-08-01,,,,30.4,,,29.8,27.9,29.8,,,30.2,30.6,,,28.8,,,,,,,,,,,
1960-09-01,29.8,,,30.5,,,29.8,,30.0,,,30.3,30.7,,28.7,,29.6,,,,,,,,,,
1960-10-01,,,29.9,30.5,,,29.8,,30.1,,28.5,30.4,30.8,,,,,,,,,,,,,,
1960-11-01,,,,30.5,,,29.8,28.0,30.1,,,30.5,30.9,,,29.0,,,,,,,,,,,
1960-12-01,29.7,,,30.5,,,29.9,,30.3,,,30.5,30.9,,28.9,,29.7,,,,,,,,,,
1961-01-01,,,30.0,30.5,,,30.0,,30.3,,28.4,30.4,30.8,,,,,,,,,,,,,,
1961-02-01,,,,30.5,,,30.0,27.7,30.3,,,30.4,30.9,,,29.1,,,,,,,,,,,
1961-03-01,29.7,,,30.4,,,29.9,,30.2,,,30.4,30.8,,28.8,,30.0,,,,,,,,,,
1961-04-01,,,30.1,30.4,,,29.8,,30.3,,28.6,30.3,30.9,,,,,,,,,,,,,,
1961-05-01,,,,30.4,,,29.8,27.9,30.3,,,30.3,30.9,,,29.3,,,,,,,,,,,
1961-06-01,29.7,,,30.3,,,29.9,,30.3,,,30.3,30.8,,28.8,,30.0,,,,,,,,,,
1961-07-01,,,30.2,30.6,,,29.8,,30.3,,28.7,30.5,31.0,,,,,,,,,,,,,,
1961-08-01,,,,30.6,,,29.9,27.9,30.3,,,30.5,30.9,,,29.3,,,,,,,,,,,
1961-09-01,29.9,,,30.6,,,29.7,,30.3,,,30.6,31.0,,29.0,,30.0,,,,,,,,,,
1961-10-01,,,30.3,30.7,,,29.8,,30.4,,28.7,30.6,31.0,,,,,,,,,,,,,,
1961-11-01,,,,30.6,,,29.7,28.3,30.5,,,30.6,31.1,,,29.5,,,,,,,,,,,
1961-12-01,29.8,,,30.6,,,29.5,,30.5,,,30.6,31.0,,29.1,,30.1,,,,,,,,,,
1962-01-01,,,30.5,30.6,,,29.6,,30.4,,28.6,30.7,31.0,,,,,,,,,,,,,,
1962-02-01,,,,30.8,,,29.9,28.5,30.4,,,30.8,31.1,,,29.6,,,,,,,,,,,
1962-03-01,29.9,,,30.8,,,29.9,,30.5,,,30.8,31.1,,29.3,,30.2,,,,,,,,,,
1962-04-01,,,30.8,30.9,,,29.9,,30.6,,29.0,30.8,31.2,,,,,,,,,,,,,,
1962-05-01,,,,30.8,,,29.9,28.5,30.8,,,30.7,31.0,,,29.7,,,,,,,,,,,
1962-06-01,30.0,,,30.8,,,29.8,,30.8,,,30.8,31.1,,29.4,,30.1,,,,,,,,,,
1962-07-01,,,30.8,30.8,,,29.8,,30.7,,29.0,30.9,31.2,,,,,,,,,,,,,,
1962-08-01,,,,30.8,,,29.9,28.5,30.7,,,31.0,31.2,,,29.8,,,,,,,,,,,
1962-09-01,30.2,,,31.0,,,30.1,,30.9,,,31.2,31.4,,29.4,,30.4,,,,,,,,,,
1962-10-01,,,31.1,30.9,,,30.1,,30.9,,29.1,31.2,31.4,,,,,,,,,,,,,,
1962-11-01,,,,30.9,,,30.0,28.5,30.8,,,31.1,31.4,,,29.9,,,,,,,,,,,
1962-12-01,30.1,,,30.9,,,30.0,,30.9,,,31.1,31.3,,29.5,,30.6,,,,,,,,,,
1963-01-01,,,31.2,31.0,,,30.0,,30.9,,29.1,31.2,31.4,,,,,,,,,,,,,,
1963-02-01,,,,31.0,,,30.0,28.6,31.0,,,31.3,31.5,,,29.9,,,,,,,,,,,
1963-03-01,30.2,,,31.1,,,30.0,,31.0,,,31.3,31.5,,29.6,,30.5,,,,,,,,,,
1963-04-01,,,31.4,31.1,,,29.9,,31.1,,29.2,31.4,31.5,,,,,,,,,,,,,,
1963-05-01,,,,31.0,,,30.0,28.5,31.0,,,31.3,31.5,,,30.0,,,,,,,,,,,
1963-06-01,30.2,,,31.1,,,30.3,,30.9,,,31.6,31.8,,29.8,,30.4,,,,,,,,,,
1963-07-01,,,31.5,31.3,,,30.4,,31.1,,29.6,31.8,31.8,,,,,,,,,,,,,,
1963-08-01,,,,31.2,,,30.6,28.9,31.2,,,31.8,31.8,,,30.5,,,,,,,,,,,
1963-09-01,30.3,,,31.2,,,30.2,,31.2,,,31.8,31.9,,29.9,,30.7,,,,,,,,,,
1963-10-01,,,31.6,31.2,,,30.3,,31.4,,29.5,31.8,32.1,,,,,,,,,,,,,,
1963-11-01,,,,31.2,29.5,,30.4,29.1,31.4,,,31.9,32.1,,,30.5,,,,,,,,,,,
1963-12-01,30.5,,,31.3,,,30.3,,31.3,,,32.0,32.2,,30.1,,30.9,,,,,,,,,,
1964-01-01,,,31.6,31.2,,28.2,30.4,,31.5,,29.5,31.9,32.2,,,,,,,,,,,,,,
1964-02-01,,,,31.1,29.4,,30.2,29.2,31.4,,,32.0,32.2,,,30.5,,,,,,,,,,,
1964-03-01,30.7,,,31.1,,,30.3,,31.6,,,32.0,32.1,,30.1,,31.0,,,,,,,,,,
1964-04-01,,,31.8,31.1,,28.0,30.4,,31.6,,29.5,32.0,32.1,,,,,,,,,,,,,,
1964-05-01,,,,31.2,29.6,,30.2,29.1,31.6,,,32.0,32.1,,,30.5,,,,,,,,,,,
1964-06-01,30.6,,,31.3,,,30.3,,31.6,,,32.0,32.2,,30.2,,31.0,,,,,,,,,,
1964-07-01,,,31.9,31.4,,28.5,30.5,,31.6,,29.7,32.1,32.3,,,,,,,,,,,,,,
1964-08-01,,,,31.3,29.5,,30.5,29.2,31.7,,,32.1,32.2,,,30.8,,,,,,,,,,,
1964-09-01,30.9,,,31.3,,,30.6,,31.6,,,32.2,32.3,,30.3,,31.3,,,,,,,,,,
1964-10-01,,,32.1,31.4,,28.5,30.7,,32.0,,29.8,32.2,32.4,,,,,,,,,,,,,,
1964-11-01,,,,31.4,29.7,,30.6,29.2,32.0,,,32.3,32.5,,,30.7,,,,,,,,,,,
1964-12-01,31.0,,,31.4,,,30.7,,32.1,,,32.3,32.5,,30.5,,31.4,,,,,,,,,,
1965-01-01,,,32.2,31.4,,28.5,30.7,,32.1,,29.8,32.2,32.5,,,,,,,,,,,,,,
1965-02-01,,,,31.4,29.5,,30.6,29.3,32.2,,,32.3,32.6,28.1,,30.6,,,,,,,,,,,
1965-03-01,31.0,,,31.4,,,30.7,,32.3,,,32.3,32.6,,30.7,,31.4,,,,,,,,,,
1965-04-01,,,32.4,31.5,,28.6,30.9,29.4,32.4,,29.9,32.4,32.5,,,,,,,,,,,,,,
1965-05-01,,,,31.6,29.8,,31.1,,32.4,,,32.5,32.6,28.3,,30.9,,,,,,,,,,,
1965-06-01,31.1,,,31.8,,,31.3,,32.5,,,32.6,32.8,,30.9,,31.7,,,,,,,,,,
1965-07-01,,,32.6,31.7,,28.9,31.3,29.6,32.4,,30.1,32.7,32.9,,,,,,,,,,,,,,
1965-08-01,,,,31.7,30.0,,31.3,,32.1,,,32.7,32.8,28.0,,31.1,,,,,,,,,,,
1965-09-01,31.2,,,31.8,,,31.3,,32.5,,,32.8,32.8,,30.8,,31.7,,,,,,,,,,
1965-10-01,,,32.6,31.9,,28.9,31.5,29.8,32.4,,30.2,32.9,32.9,,,,,,,,,,,,,,
1965-11-01,,,,31.9,30.3,,31.5,,32.5,,,32.9,33.0,28.2,,31.2,,,,,,,,,,,
1965-12-01,31.5,,,32.1,,,31.6,,32.6,,,33.0,33.1,,31.1,,32.2,,,,,,,,,,
1966-01-01,,,32.7,32.0,,29.2,31.7,30.0,32.5,,30.3,33.0,33.1,,,,,,,,,,,,,,
1966-02-01,,,,32.2,30.5,,31.9,,32.6,,,33.2,33.3,28.5,,31.4,,,,,,,,,,,
1966-03-01,31.8,,,32.4,,,32.1,,32.7,,,33.4,33.4,,31.4,,32.3,,,,,,,,,,
1966-04-01,,,33.5,32.4,,29.6,32.3,30.2,32.9,,30.7,33.5,33.5,,,,,,,,,,,,,,
1966-05-01,,,,32.5,30.9,,32.4,,32.9,,,33.5,33.5,28.6,,31.8,,,,,,,,,,,
1966-06-01,32.0,,,32.6,,,32.6,,33.0,,,33.5,33.6,,31.5,,32.8,,,,,,,,,,
1966-07-01,,,33.6,32.6,,29.7,32.6,30.4,33.1,,30.7,33.8,33.7,,,,,,,,,,,,,,
1966-08-01,,,,32.8,31.1,,32.8,,33.0,,,33.9,33.9,28.7,,32.0,,,,,,,,,,,
1966-09-01,32.5,,,33.0,,,32.8,,33.3,,,34.1,34.0,,31.8,,33.1,,,,,,,,,,
1966-10-01,,,34.0,33.0,,29.9,33.0,30.6,33.4,,31.1,34.2,34.1,,,,,,,,,,,,,,
1966-11-01,,,,33.0,31.4,,33.0,,33.5,,,34.2,34.1,29.1,,32.3,,,,,,,,,,,
1966-12-01,32.7,,,33.1,,,33.2,,33.5,,,34.2,34.2,,32.0,,33.1,,,,,,,,,,
1967-01-01,,,34.1,32.9,,29.7,33.2,30.8,33.3,,31.1,34.1,34.1,,,,,,,,,,,,,,
1967-02-01,,,,33.1,31.6,,33.2,,33.3,,,34.3,34.2,29.2,,32.3,,,,,,,,,,,
1967-03-01,32.9,,,33.1,,,33.5,,33.2,,,34.3,34.2,,32.0,,33.3,,,,,,,,,,
1967-04-01,,,34.1,33.1,,29.7,33.5,31.0,33.5,,31.3,34.3,34.3,,,,,,,,,,,,,,
1967-05-01,,,,33.2,31.7,,33.5,,33.6,,,34.4,34.4,29.3,,32.6,,,,,,,,,,,
1967-06-01,33.1,,,33.3,,,33.6,,33.7,,,34.5,34.5,,32.4,,33.6,,,,,,,,,,
1967-07-01,,,34.4,33.5,,30.1,33.7,31.1,33.8,,31.7,34.6,34.6,,,,,,,,,,,,,,
1967-08-01,,,,33.7,32.1,,33.7,,34.1,,,34.7,34.8,29.8,,33.0,,,,,,,,,,,
1967-09-01,33.3,,,33.9,,,33.7,,34.3,,,34.8,34.9,,32.9,,33.9,,,,,,,,,,
1967-10-01,,,34.7,33.9,,30.2,33.8,31.5,34.2,,32.5,34.9,35.1,,,,,,,,,,,,,,
1967-11-01,,,,34.0,32.2,,34.0,,34.5,,,35.0,35.1,30.0,,33.3,,,,,,,,,,,
1967-12-01,33.7,,,34.1,,,34.1,,34.5,,,35.1,35.2,,33.1,,34.3,,,,,,,,,,
1968-01-01,,,35.0,34.1,,30.4,34.1,31.8,34.7,,32.7,35.1,35.4,,,,,,,,,,,,,,
1968-02-01,,,,34.3,32.5,,34.3,,34.7,,,35.3,35.6,30.3,,33.6,,,,,,,,,,,
1968-03-01,34.0,,,34.5,,,34.6,,34.9,,,35.5,35.8,,33.5,,34.6,,,,,,,,,,
1968-04-01,,,35.5,34.6,,30.7,34.7,32.1,34.9,,33.1,35.6,35.9,,,,,,,,,,,,,,
1968-05-01,,,,34.7,33.2,,34.8,,34.8,,,35.7,36.0,30.6,,33.8,,,,,,,,,,,
1968-06-01,34.3,,,34.8,,,35.1,,35.1,,,35.9,36.2,,34.0,,35.0,,,,,,,,,,
1968-07-01,,,35.8,35.0,,30.7,35.2,32.5,35.2,,33.4,36.1,36.3,,,,,,,,,,,,,,
1968-08-01,,,,35.1,33.5,,35.3,,35.3,,,36.4,36.4,31.0,,34.4,,,,,,,,,,,
1968-09-01,35.0,,,35.3,,,35.5,,35.3,,,36.6,36.7,,34.3,,35.4,,,,,,,,,,
1968-10-01,,,36.4,35.4,,30.9,35.6,33.0,35.6,,33.5,36.8,36.9,,,,,,,,,,,,,,
1968-11-01,,,,35.4,34.0,,35.8,,35.7,,,36.9,37.0,31.3,,34.8,,,,,,,,,,,
1968-12-01,35.2,,,35.6,,,35.9,,35.7,,,37.0,37.1,,34.6,,35.6,,,,,,,,,,
1969-01-01,,,36.7,35.8,,31.1,36.0,33.6,35.9,,33.7,37.2,37.1,,,,,,,,,,,,,,
1969-02-01,,,,35.9,34.4,,36.1,,36.0,,,37.3,37.3,31.7,,35.1,,,,,,,,,,,
1969-03-01,36.0,,,36.2,,,36.6,,36.5,,,37.7,37.6,,35.2,,36.2,,,,,,,,,,
1969-04-01,,,37.3,36.3,,31.6,36.8,34.2,36.5,,34.3,37.9,37.8,,,,,,,,,,,,,,
1969-05-01,,,,36.4,35.2,,37.0,,36.5,,,38.0,37.8,32.2,,35.6,,,,,,,,,,,
1969-06-01,36.4,,,36.7,,,37.3,,36.8,,,38.3,38.0,,35.7,,36.6,,,,,,,,,,
1969-07-01,,,37.9,36.9,,32.0,37.4,34.6,37.0,,35.1,38.4,38.3,,,,,,,,,,,,,,
1969-08-01,,,,37.2,35.7,,37.6,,37.1,,,38.5,38.6,32.7,,36.2,,,,,,,,,,,
1969-09-01,37.1,,,37.5,,,37.6,,37.3,,,38.8,38.8,,36.3,,37.2,,,,,,,,,,
1969-10-01,,,38.7,37.4,,32.7,37.8,35.4,37.4,,35.8,39.0,38.9,,,,,,,,,,,,,,
1969-11-01,,,,37.6,36.5,,38.0,,37.4,,,39.1,39.0,32.9,,36.3,,,,,,,,,,,
1969-12-01,37.5,,,37.8,,,38.3,,37.7,,,39.5,39.2,,36.8,,37.7,,,,,,,,,,
1970-01-01,,,39.1,38.0,,33.0,38.4,35.7,37.8,,36.5,39.8,39.4,,,,,,,,,,,,,,
1970-02-01,,,,38.1,37.0,,38.7,,37.9,,,40.2,39.8,33.4,,36.9,,,,,,,,,,,
1970-03-01,38.0,,,38.3,,,39.0,,38.0,,,40.4,40.1,,37.2,,38.2,,,,,,,,,,
1970-04-01,,,39.6,38.4,,33.9,39.2,36.2,38.4,,37.1,40.7,40.2,,,,,,,,,,,,,,
1970-05-01,,,,38.6,37.5,,39.5,,38.5,,,40.9,40.5,34.0,,37.4,,,,,,,,,,,
1970-06-01,38.6,,,38.8,,,39.6,,38.6,,,41.2,40.6,,37.6,,38.7,,,,,,,,,,
1970-07-01,,,40.0,39.0,,34.9,39.7,36.4,38.9,,37.5,41.3,40.7,,,,,,,,,,,,,,
1970-08-01,,,,39.2,37.8,,39.6,,38.7,,,41.4,40.9,34.3,,37.6,,,,,,,,,,,
1970-09-01,39.0,,,39.4,,,39.8,,39.2,,,41.7,41.4,,38.0,,39.3,,,,,,,,,,
1970-10-01,,,41.1,39.6,,35.2,40.1,36.8,39.3,,37.9,41.9,41.7,,,,,,,,,,,,,,
1970-11-01,,,,39.7,37.9,,40.3,,39.3,,,42.0,41.9,34.8,,37.7,,,,,,,,,,,
1970-12-01,39.6,,,39.9,,,40.2,,39.5,,,42.3,42.0,,38.5,,39.6,,,,,,,,,,
1971-01-01,,,41.5,39.9,,35.3,40.5,37.2,39.5,,38.2,42.4,42.0,,,,,,,,,,,,,,
1971-02-01,,,,40.0,38.2,,40.4,,39.3,,,42.7,42.2,35.0,,37.6,,,,,,,,,,,
1971-03-01,39.9,,,40.1,,,40.4,,39.6,,,43.0,42.3,,38.7,,39.8,,,,,,,,,,
1971-04-01,,,41.8,40.2,,35.5,40.4,37.3,39.5,,38.3,43.1,42.4,,,,,,,,,,,,,,
1971-05-01,,,,40.4,38.4,,40.7,,40.0,,,43.3,42.7,35.3,,37.9,,,,,,,,,,,
1971-06-01,40.6,,,40.5,,,41.0,,40.2,,,43.6,43.0,,39.0,,40.4,,,,,,,,,,
1971-07-01,,,42.2,40.5,,36.0,41.0,37.8,40.3,,38.8,43.9,42.8,,,,,,,,,,,,,,
1971-08-01,,,,40.7,39.1,,41.3,,40.4,,,43.9,42.8,35.6,,38.6,,,,,,,,,,,
1971-09-01,40.5,,,40.7,,,41.3,,40.6,,,44.0,43.1,,39.3,,40.6,,,,,,,,,,
1971-10-01,,,42.8,40.7,,36.3,41.3,38.2,40.7,,39.3,44.1,43.3,,,,,,,,,,,,,,
1971-11-01,,,,40.8,39.0,,41.5,,40.6,,,44.1,43.2,35.7,,38.6,,,,,,,,,,,
1971-12-01,41.0,,,40.9,,,41.6,,40.6,,,44.3,43.3,,39.6,,40.7,,,,,,,,,,
1972-01-01,,,42.9,40.9,,36.3,41.8,38.4,40.6,,39.4,44.5,43.2,,,,,,,,,,,,,,
1972-02-01,,,,41.2,39.4,,42.0,,40.7,,,44.8,43.3,36.1,,39.0,,,,,,,,,,,
1972-03-01,41.1,,,41.2,,,42.1,,41.0,,,45.0,43.5,,39.9,,40.7,,,,,,,,,,
1972-04-01,,,43.4,41.3,,36.9,42.1,38.9,41.0,,39.5,45.1,43.6,,,,,,,,,,,,,,
1972-05-01,,,,41.4,39.7,,42.2,,41.1,,,45.2,43.6,36.6,,39.0,,,,,,,,,,,
1972-06-01,41.4,,,41.6,,,42.4,,41.2,,,45.3,43.8,,40.4,,41.0,,,,,,,,,,
1972-07-01,,,43.7,41.6,,37.0,42.6,39.0,41.5,,39.9,45.5,44.0,,,,,,,,,,,,,,
1972-08-01,,,,41.8,40.0,,42.7,,41.6,,,45.6,44.1,37.0,,39.3,,,,,,,,,,,
1972-09-01,42.1,,,41.9,,,42.8,,41.9,,,46.0,44.4,,40.9,,41.6,,,,,,,,,,
1972-10-01,,,44.3,42.0,,37.4,42.8,39.4,41.9,,40.5,46.1,44.5,,,,,,,,,,,,,,
1972-11-01,,,,42.1,40.1,,42.9,,42.1,,,46.1,44.7,37.5,,39.8,,,,,,,,,,,
1972-12-01,42.3,,,42.2,,,43.2,,42.1,,,46.2,44.6,,41.1,,41.6,,,,,,,,,,
1973-01-01,,,44.6,42.3,,37.8,43.2,39.7,42.2,,40.7,46.3,44.7,,,,,,,,,,,,,,
1973-02-01,,,,42.7,40.7,,43.6,,42.5,,,46.7,45.2,37.9,,40.4,,,,,,,,,,,
1973-03-01,43.1,,,43.2,,,44.1,,42.8,,,47.2,45.9,,41.9,,42.5,,,,,,,,,,
1973-04-01,,,45.6,43.5,,39.0,44.5,40.7,43.0,,41.6,47.6,46.2,,,,,,,,,,,,,,
1973-05-01,,,,43.8,41.6,,44.9,,43.1,,,47.8,46.4,38.7,,41.4,,,,,,,,,,,
1973-06-01,44.0,,,44.1,,,45.0,,43.5,,,48.1,46.6,,42.5,,43.1,,,,,,,,,,
1973-07-01,,,46.1,44.0,,39.6,45.0,41.0,43.7,,42.4,48.2,46.7,,,,,,,,,,,,,,
1973-08-01,,,,45.0,42.6,,46.0,,44.3,,,49.0,47.5,39.7,,42.3,,,,,,,,,,,
1973-09-01,45.4,,,45.1,,,46.2,,44.4,,,49.2,47.8,,43.8,,44.5,,,,,,,,,,
1973-10-01,,,47.7,45.4,,40.6,46.4,42.5,44.8,,43.4,49.5,48.3,,,,,,,,,,,,,,
1973-11-01,,,,45.6,43.2,,46.8,,45.2,,,50.0,48.6,40.4,,43.1,,,,,,,,,,,
1973-12-01,46.1,,,45.8,,,47.1,,45.4,,,50.5,48.9,,44.0,,45.0,,,,,,,,,,
1974-01-01,,,48.9,46.4,,41.5,47.6,43.4,45.8,,44.6,50.8,49.4,,,,,,,,,,,,,,
1974-02-01,,,,47.1,44.5,,48.4,,46.1,,,51.6,50.2,41.5,,44.5,,,,,,,,,,,
1974-03-01,47.8,,,47.6,,,48.7,,46.6,,,52.2,50.9,,45.3,,46.5,,,,,,,,,,
1974-04-01,,,50.0,47.8,,42.7,48.9,44.6,47.0,,46.2,52.2,51.3,,,,,,,,,,,,,,
1974-05-01,,,,48.2,45.6,,49.3,,47.5,,,52.8,51.7,42.9,,45.7,,,,,,,,,,,
1974-06-01,48.8,,,48.7,,,49.9,,47.9,,,53.2,52.2,,46.8,,47.5,,,,,,,,,,
1974-07-01,,,51.5,48.9,,44.1,50.3,46.1,48.4,,47.3,53.4,52.5,,,,,,,,,,,,,,
1974-08-01,,,,49.5,47.0,,50.8,,49.0,,,54.3,53.1,44.3,,46.9,,,,,,,,,,,
1974-09-01,50.6,,,49.9,,,51.3,,49.8,,,54.9,53.9,,48.2,,49.1,,,,,,,,,,
1974-10-01,,,52.6,50.4,,45.6,51.7,48.1,49.8,,49.0,55.4,54.4,,,,,,,,,,,,,,
1974-11-01,,,,50.8,48.2,,52.2,,50.3,,,55.7,54.9,45.4,,48.5,,,,,,,,,,,
1974-12-01,51.7,,,51.3,,,52.5,,50.8,,,56.0,55.1,,49.5,,50.0,,,,,,,,,,
1975-01-01,,,53.8,51.3,,46.9,52.3,49.7,51.0,,49.7,56.0,55.2,,,,,,,,,,,,,,
1975-02-01,,,,51.7,49.1,,52.7,,51.5,,,56.5,55.5,46.5,,49.8,,,,,,,,,,,
1975-03-01,52.6,,,52.1,,,52.8,,52.2,,,56.5,55.8,,50.7,,51.3,,,,,,,,,,
1975-04-01,,,54.7,52.2,,47.6,53.1,50.3,52.7,,49.9,56.6,55.8,,,,,,,,,,,,,,
1975-05-01,,,,52.0,49.7,,53.2,,53.1,,,56.8,56.1,47.0,,50.7,,,,,,,,,,,
1975-06-01,53.4,,,52.4,,,53.7,,53.0,,,57.1,56.6,,51.6,,52.8,,,,,,,,,,
1975-07-01,,,56.1,53.0,,48.7,54.1,51.8,53.5,,51.5,57.6,57.1,,,,,,,,,,,,,,
1975-08-01,,,,53.3,51.2,,54.3,,53.7,,,57.9,57.3,48.1,,51.6,,,,,,,,,,,
1975-09-01,54.6,,,53.4,,,54.8,,54.3,,,58.6,57.8,,52.5,,53.5,,,,,,,,,,
1975-10-01,,,56.7,53.7,,49.3,54.9,52.6,54.7,,52.5,58.8,58.2,,,,,,,,,,,,,,
1975-11-01,,,,53.8,51.8,,55.1,,55.0,,,59.3,58.3,48.8,,52.4,,,,,,,,,,,
1975-12-01,55.1,,,54.0,,,55.4,,55.4,,,59.6,58.3,,53.4,,54.0,,,,,,,,,,
1976-01-01,,,59.1,53.7,,49.7,55.7,53.7,55.7,,53.2,59.7,58.5,,,,,,,,,,,,,,
1976-02-01,,,,54.1,52.2,,55.8,,55.4,,,60.0,58.7,49.5,,53.0,,,,,,,,,,,
1976-03-01,55.2,,,54.2,,,55.7,,55.5,,,60.2,58.7,,53.8,,54.8,,,,,,,,,,
1976-04-01,,,59.3,54.5,,50.4,56.0,54.3,55.5,,53.7,60.3,58.9,,,,,,,,,,,,,,
1976-05-01,,,,54.8,53.0,,56.3,,56.3,,,60.5,59.2,50.1,,53.3,,,,,,,,,,,
1976-06-01,55.9,,,55.2,,,56.5,,56.5,,,60.9,59.5,,54.3,,55.6,,,,,,,,,,
1976-07-01,,,60.3,55.5,,51.4,56.9,55.2,57.1,,54.6,61.1,59.8,,,,,,,,,,,,,,
1976-08-01,,,,55.8,53.9,,57.1,,57.4,,,61.4,59.9,50.9,,54.4,,,,,,,,,,,
1976-09-01,56.9,,,56.1,,,57.6,,57.8,,,61.8,60.4,,55.3,,56.3,,,,,,,,,,
1976-10-01,,,60.6,56.3,,51.9,57.7,56.7,58.0,,55.2,61.9,60.6,,,,,,,,,,,,,,
1976-11-01,,,,56.4,54.7,,58.0,,58.3,,,61.9,60.8,51.4,,55.1,,,,,,,,,,,
1976-12-01,57.0,,,56.6,,,58.2,,58.5,,,62.2,60.7,,56.0,,56.6,,,,,,,,,,
1977-01-01,,,61.6,56.7,,52.7,58.5,57.2,59.2,,56.0,62.4,61.2,,,,,,,,,,,,,,
1977-02-01,,,,57.3,55.9,,58.9,,59.7,,,63.0,61.9,52.2,,56.2,,,,,,,,,,,
1977-03-01,58.4,,,57.7,,,59.5,,59.8,,,63.3,62.4,,57.2,,58.3,,,,,,,,,,
1977-04-01,,,62.5,58.2,,54.8,60.2,58.8,60.2,,57.2,63.5,63.0,,,,,,,,,,,,,,
1977-05-01,,,,58.4,57.2,,60.3,,60.4,,,63.9,63.4,53.4,,57.8,,,,,,,,,,,
1977-06-01,59.4,,,58.6,,,60.9,,60.8,,,64.4,63.6,,58.8,,59.7,,,,,,,,,,
1977-07-01,,,63.5,59.0,,55.8,61.4,59.7,61.1,,58.7,64.5,64.0,,,,,,,,,,,,,,
1977-08-01,,,,59.3,58.1,,61.4,,61.1,,,64.8,64.0,54.4,,59.1,,,,,,,,,,,
1977-09-01,60.7,,,59.7,,,61.5,,61.5,,,64.8,64.6,,59.9,,60.4,,,,,,,,,,
1977-10-01,,,63.9,59.8,,56.6,61.6,60.1,61.5,,59.5,64.9,64.7,,,,,,,,,,,,,,
1977-11-01,,,,60.0,58.6,,62.1,,61.9,62.0,,65.2,64.9,55.2,,59.9,,,,,,,,,,,
1977-12-01,61.2,,,60.2,,,62.0,,62.4,,,65.3,64.7,,60.9,,60.8,,,,,,,,,,
1978-01-01,,,64.5,61.1,,57.7,62.2,61.3,62.8,62.5,60.7,65.7,64.9,55.9,,60.4,,,,,,,,,,,
1978-02-01,61.7,,,61.7,59.5,,62.4,,63.1,,,66.0,65.1,,61.5,,,,,,,,,,,,
1978-03-01,,,64.8,62.4,,58.5,63.4,,63.4,63.4,,66.5,65.6,56.6,,61.4,61.9,,,,,,,,,,
1978-04-01,62.5,,,62.7,60.3,,64.0,63.3,64.2,,62.0,66.9,66.0,,62.7,,,,,,,,,,,,
1978-05-01,,,65.6,63.3,,59.5,64.7,,64.8,63.8,,67.3,66.4,57.8,,63.5,63.8,,,,,,,,,,
1978-06-01,63.6,,,63.7,61.7,,65.4,64.7,65.5,,63.2,68.0,67.1,,64.8,,,,,,,,,,,,
1978-07-01,,,66.4,64.1,,60.7,65.5,,65.8,65.1,,68.1,67.9,59.7,,63.9,65.0,,,,,,,,,,
1978-08-01,64.7,,,64.1,62.9,,65.9,65.9,66.0,,64.5,68.4,68.0,,66.6,,,,,,,,,,,,
1978-09-01,,,67.4,64.9,,62.1,66.5,,66.8,66.1,,68.8,68.5,61.1,,65.9,66.0,,,,,,,,,,
1978-10-01,65.9,,,65.4,63.7,,67.6,67.0,66.9,,65.6,69.3,68.7,,66.1,,,,,,,,,,,,
1978-11-01,,,68.7,66.3,,63.4,68.0,,67.1,66.6,,69.5,69.1,62.0,,66.8,67.1,,,,,,,,,,
1978-12-01,65.9,,,66.5,64.3,,68.0,68.5,66.7,,66.4,69.7,69.6,,65.3,,,,,,,,,,,,
1979-01-01,,,69.4,66.8,,64.8,69.0,,67.6,67.6,,70.2,70.0,63.5,,66.3,68.5,,,,,,,,,,
1979-02-01,66.9,,,67.8,65.6,,70.2,69.9,68.3,,67.4,71.0,70.6,,66.3,,,,,,,,,,,,
1979-03-01,,,70.6,69.2,,66.9,71.2,,69.0,69.0,,71.4,70.9,65.5,,67.9,70.2,,,,,,,,,,
1979-04-01,68.5,,,69.9,67.3,,71.7,71.1,70.3,,68.7,72.1,71.9,,67.9,,,,,,,,,,,,
1979-05-01,,,72.1,70.3,,69.3,72.0,,71.4,69.8,,72.8,72.9,67.5,,69.7,71.1,,,,,,,,,,
1979-06-01,70.5,,,71.5,69.3,,72.5,73.4,72.1,,70.7,73.5,74.0,,69.1,,,,,,,,,,,,
1979-07-01,,,73.7,72.8,,70.9,73.8,,72.7,71.8,,74.0,74.8,69.8,,71.3,73.0,,,,,,,,,,
1979-08-01,71.9,,,73.2,71.1,,74.8,75.0,73.6,,72.2,74.5,75.4,,71.0,,,,,,,,,,,,
1979-09-01,,,75.0,74.1,,72.2,75.3,,74.7,72.8,,75.4,76.0,71.1,,73.0,74.8,,,,,,,,,,
1979-10-01,73.2,,,74.2,72.7,,76.4,76.1,75.1,,73.6,76.1,76.2,,72.0,,,,,,,,,,,,
1979-11-01,,,76.6,75.6,,73.7,77.8,,75.9,74.1,,76.6,77.0,73.3,,74.7,76.0,,,,,,,,,,
1979-12-01,74.0,,,76.4,74.6,,78.5,77.5,77.2,,74.5,77.1,77.4,,74.9,,,,,,,,,,,,
1980-01-01,,,78.2,77.1,,74.2,79.8,,78.7,76.5,,78.2,78.6,75.1,,77.4,78.3,,,,,,,,,,
1980-02-01,76.4,,,77.9,77.0,,80.9,79.8,80.4,,75.7,78.9,80.0,,78.3,,,,,,,,,,,,
1980-03-01,,,80.6,78.8,,76.5,81.7,,81.7,79.2,,80.0,81.2,76.4,,80.0,80.2,,,,,,,,,,
1980-04-01,78.0,,,80.4,80.1,,83.5,81.3,82.8,,77.7,80.6,82.2,,79.2,,,,,,,,,,,,
1980-05-01,,,81.5,81.4,,77.4,83.6,,84.3,80.5,,81.1,82.9,79.8,,81.9,81.4,,,,,,,,,,
1980-06-01,80.3,,,83.1,81.7,,86.4,83.1,84.7,,78.4,82.1,83.9,,80.7,,,,,,,,,,,,
1980-07-01,,,82.9,82.6,,78.5,85.4,,84.2,82.9,,82.6,84.5,79.8,,83.7,82.5,,,,,,,,,,
1980-08-01,81.7,,,82.1,82.4,,85.8,83.7,83.7,,79.6,83.3,85.2,,81.6,,,,,,,,,,,,
1980-09-01,,,84.1,83.7,,80.2,87.3,,84.5,82.6,,83.6,85.6,80.4,,84.7,85.0,,,,,,,,,,
1980-10-01,83.0,,,84.9,84.4,,88.9,84.9,85.5,,81.3,84.1,85.8,,81.9,,,,,,,,,,,,
1980-11-01,,,85.6,87.0,,81.5,89.6,,86.5,83.1,,84.6,86.3,82.5,,86.1,85.4,,,,,,,,,,
1980-12-01,85.7,,,87.1,85.9,,90.7,85.7,87.6,,82.4,85.5,86.7,,82.9,,,,,,,,,,,,
1981-01-01,,,88.2,86.7,,83.2,90.3,,87.8,85.2,,86.3,87.6,85.1,,86.9,86.1,,,,,,,,,,
1981-02-01,87.2,,,86.9,87.5,,90.9,87.8,88.5,,82.9,87.4,88.6,,84.7,,,,,,,,,,,,
1981-03-01,,,90.2,86.9,,84.4,90.2,,89.1,86.9,,87.8,89.4,86.7,,88.9,87.3,,,,,,,,,,
1981-04-01,88.2,,,88.3,89.1,,91.6,89.3,89.9,,84.8,88.3,90.3,,87.9,,,,,,,,,,,,
1981-05-01,,,90.7,88.5,,86.4,92.6,,90.5,88.8,,88.8,90.7,88.0,,90.1,90.2,,,,,,,,,,
1981-06-01,89.3,,,90.1,91.2,,94.4,91.3,90.7,,87.9,89.5,91.9,,89.1,,,,,,,,,,,,
1981-07-01,,,91.6,91.3,,88.2,95.2,,92.1,90.6,,90.8,92.7,90.3,,92.6,90.7,,,,,,,,,,
1981-08-01,91.6,,,92.3,91.9,,95.4,91.9,93.0,,91.2,91.6,93.6,,93.6,,,,,,,,,,,,
1981-09-01,,,93.9,92.7,,89.6,95.6,,94.5,93.2,,93.0,95.0,92.8,,94.7,92.0,,,,,,,,,,
1981-10-01,93.3,,,92.4,93.2,,94.7,93.5,95.2,,92.8,92.7,95.1,,96.6,,,,,,,,,,,,
1981-11-01,,,94.3,92.7,,89.3,94.1,,95.3,95.3,,92.6,94.9,95.0,,94.9,92.2,,,,,,,,,,
1981-12-01,93.6,,,91.7,94.1,,93.6,94.4,95.5,,95.1,92.7,95.2,,95.6,,,,,,,,,,,,
1982-01-01,,,94.3,92.2,,91.6,94.5,,96.7,96.3,,92.9,95.4,95.6,,97.1,93.7,,,,,,,,,,
1982-02-01,92.8,,,92.0,93.6,,93.5,94.8,96.6,,97.4,93.1,95.4,,96.2,,,,,,,,,,,,
1982-03-01,,,92.8,92.5,,92.7,93.6,,96.9,96.2,,92.5,95.1,94.3,,96.2,94.5,,,,,,,,,,
1982-04-01,92.9,,,93.8,94.7,,95.4,95.1,97.0,,96.0,92.8,95.2,,97.2,,,,,,,,,,,,
1982-05-01,,,93.8,96.3,,94.0,96.2,,97.2,96.6,,93.7,95.2,97.4,,98.8,96.2,,,,,,,,,,
1982-06-01,96.5,,,97.7,97.2,,97.3,97.9,98.2,,96.8,95.7,96.8,,99.1,,,,,,,,,,,,
1982-07-01,,,96.1,98.1,,95.9,98.4,,97.9,96.2,,95.9,97.3,99.0,,97.3,97.7,,,,,,,,,,
1982-08-01,98.0,,,98.1,97.0,,98.5,99.3,97.9,,99.9,96.3,97.4,,99.0,,,,,,,,,,,,
1982-09-01,,,97.3,98.4,,97.3,99.2,,97.5,96.8,,97.1,98.0,96.3,,99.1,99.0,,,,,,,,,,
1982-10-01,98.8,,,98.5,97.8,,99.3,99.0,98.0,,97.9,98.4,97.5,,98.4,,,,,,,,,,,,
1982-11-01,,,98.1,98.5,,97.8,99.6,,97.6,97.3,,98.1,97.9,95.1,,97.6,97.6,,,,,,,,,,
1982-12-01,98.2,,,98.1,96.7,,98.4,99.2,96.6,,97.4,97.5,97.5,,95.6,,,,,,,,,,,,
1983-01-01,,,98.7,98.4,,98.2,98.4,,96.7,98.0,,97.8,97.6,96.1,,97.6,98.0,,,,,,,,,,
1983-02-01,97.9,,,98.3,97.1,,98.3,98.9,97.1,,97.3,98.0,97.6,,96.7,,,,,,,,,,,,
1983-03-01,,,98.6,98.3,,98.8,98.4,,97.2,98.6,,98.1,98.0,96.9,,97.7,98.7,,,,,,,,,,
1983-04-01,98.7,,,98.8,98.4,,99.2,98.7,98.0,,98.5,99.1,98.1,,97.4,,,,,,,,,,,,
1983-05-01,,,99.1,99.2,,100.4,99.2,,98.8,98.9,,99.4,98.4,98.2,,98.7,99.5,,,,,,,,,,
1983-06-01,100.2,,,99.9,100.1,,99.8,100.2,99.4,,99.5,99.7,99.0,,98.6,,,,,,,,,,,,
1983-07-01,,,99.7,100.3,,100.7,100.4,,99.7,99.8,,100.0,99.8,99.1,,99.7,100.8,,,,,,,,,,
1983-08-01,100.8,,,101.0,100.7,,100.5,101.0,99.9,,100.6,100.1,100.3,,99.5,,,,,,,,,,,,
1983-09-01,,,100.2,101.4,,101.8,100.7,,100.3,101.1,,101.0,100.9,100.7,,100.5,101.7,,,,,,,,,,
1983-10-01,100.9,,,101.2,101.5,,100.3,101.1,100.5,,100.8,101.3,100.8,,99.4,,,,,,,,,,,,
1983-11-01,,,101.4,101.7,,101.9,100.9,,100.4,101.7,,101.7,101.0,101.2,,100.7,100.9,,,,,,,,,,
1983-12-01,101.9,,,101.7,101.2,,101.0,100.0,100.8,,101.0,101.8,101.0,,100.0,,,,,,,,,,,,
1984-01-01,,,102.3,102.2,,103.0,101.4,,101.2,102.4,,102.8,101.9,102.4,,101.3,101.3,,102.7,104.8,104.8,103.5,104.3,103.8,104.0,102.8,102.3
1984-02-01,102.6,,,102.1,102.9,,102.0,100.9,101.6,,101.7,103.4,102.6,,101.4,,,,,,,,,,,,
1984-03-01,,,103.9,102.3,,103.5,102.3,,101.8,102.7,,103.7,102.7,103.3,,101.8,101.9,,,,,,,,,,
1984-04-01,103.2,,,102.7,103.3,,102.8,101.5,102.5,,102.5,104.1,103.2,,102.9,,,,,,,,,,,,
1984-05-01,,,104.3,102.8,,103.9,102.8,,103.4,103.2,,104.1,103.4,104.4,,102.7,102.8,,,,,,,,,,
1984-06-01,104.1,,,103.7,103.8,,103.0,103.0,103.4,,103.1,104.3,103.8,,103.7,,,,,,,,,,,,
1984-07-01,,,104.9,104.0,,104.9,103.5,,103.5,103.6,,104.8,104.3,103.9,,103.1,103.9,,103.9,,,,,,105.1,,105.7
1984-08-01,104.8,,,104.9,105.1,,103.6,103.5,104.5,,103.4,105.5,104.8,,105.2,,,,,,,,,,,,
1984-09-01,,,105.8,105.5,,105.4,104.8,,105.0,104.2,,106.2,105.2,105.6,,103.8,104.8,,,,,,,,,,
1984-10-01,105.4,,,105.1,106.4,,104.9,104.3,105.5,,104.4,106.1,105.1,,106.5,,,,,,,,,,,,
1984-11-01,,,105.9,105.1,,104.8,103.9,,105.5,104.4,,106.5,105.9,107.6,,104.4,104.1,,,,,,,,,,
1984-12-01,105.5,,,105.1,105.4,,104.0,103.9,105.3,,104.3,106.5,105.6,,106.0,,,,,,,,,,,,
1985-01-01,,,106.5,105.5,,105.1,104.6,,105.9,104.6,,106.7,106.0,107.7,,104.8,105.5,,104.7,107.8,107.8,106.8,106.6,107.0,106.3,106.7,107.4
1985-02-01,107.0,,,106.0,106.2,,105.5,104.0,106.3,,105.1,107.3,107.0,,106.9,,,,,,,,,,,,
1985-03-01,,,108.2,106.2,,106.5,106.1,,106.5,105.5,,107.5,107.4,109.2,,105.4,105.8,,,,,,,,,,
1985-04-01,107.6,,,106.8,107.0,,106.2,104.5,106.9,,106.2,107.9,108.1,,107.5,,,,,,,,,,,,
1985-05-01,,,108.4,107.0,,106.8,106.3,,108.0,106.1,,108.1,108.8,110.0,,105.3,106.4,,,,,,,,,,
1985-06-01,108.8,,,108.5,108.3,,106.6,105.3,108.1,,107.1,108.3,108.8,,108.4,,,,,,,,,,,,
1985-07-01,,,109.3,108.6,,108.0,107.0,,108.8,106.3,,108.4,109.2,110.3,,105.6,107.7,,106.9,,,,,,107.5,,109.3
1985-08-01,109.9,,,109.1,109.5,,107.0,105.4,109.6,,107.8,109.2,109.3,,109.2,,,,,,,,,,,,
1985-09-01,,,110.5,109.2,,107.4,107.8,,109.6,107.6,,109.6,109.6,111.6,,105.6,108.3,,,,,,,,,,
1985-10-01,110.4,,,108.0,109.6,,107.6,105.3,110.4,,108.4,109.8,109.9,,109.5,,,,,,,,,,,,
1985-11-01,,,112.0,108.5,,107.8,108.7,,110.0,107.9,,110.7,110.4,112.1,,106.3,108.3,,,,,,,,,,
1985-12-01,111.2,,,109.1,109.8,,108.7,105.0,110.4,,108.3,111.0,110.7,,109.4,,,,,,,,,,,,
1986-01-01,,,112.5,109.2,,109.3,108.7,,110.6,108.3,,111.8,110.9,112.9,,107.3,108.5,,108.3,109.4,109.4,109.4,107.6,107.4,107.9,108.2,110.9
1986-02-01,111.7,,,109.3,110.6,,108.6,105.1,110.5,,108.2,111.5,110.8,,111.0,,,,,,,,,,,,
1986-03-01,,,111.8,108.4,,106.7,107.7,,111.1,108.3,,111.5,110.5,112.1,,106.6,107.5,,,,,,,,,,
1986-04-01,111.1,,,108.3,108.8,,107.3,102.9,110.6,,107.7,111.2,110.0,,110.4,,,,,,,,,,,,
1986-05-01,,,111.0,108.5,,106.8,108.2,,111.5,107.3,,110.9,110.4,113.2,,106.1,107.3,,,,,,,,,,
1986-06-01,112.2,,,110.6,109.9,,108.0,103.9,112.1,,108.9,111.7,111.4,,111.9,,,,,,,,,,,,
1986-07-01,,,111.3,110.8,,107.5,107.1,,112.0,106.2,,112.5,111.8,113.3,,106.2,109.6,,107.4,,,,,,108.6,,112.4
1986-08-01,112.4,,,110.9,110.4,,108.7,103.8,112.0,,108.3,112.7,111.8,,112.4,,,,,,,,,,,,
1986-09-01,,,112.9,111.8,,108.8,108.0,,113.3,108.1,,113.0,112.8,114.1,,107.0,109.7,,,,,,,,,,
1986-10-01,112.7,,,110.0,110.3,,109.1,104.1,113.8,,108.5,113.4,112.4,,113.1,,,,,,,,,,,,
1986-11-01,,,113.3,110.9,,108.3,109.4,,113.0,109.1,108.4,113.3,112.2,114.6,,106.9,109.0,,,,,,,,,,
1986-12-01,113.5,,,110.8,109.3,108.4,109.2,103.2,112.7,,109.0,113.8,112.6,,111.8,106.8,,,,,,,,,,,
1987-01-01,,,114.6,111.9,,,,,113.4,109.9,,114.7,113.4,,112.5,,110.0,,108.3,112.7,112.7,114.9,111.9,111.5,110.4,110.9,114.1
1987-02-01,,,,111.9,110.9,,110.2,104.4,114.7,,,115.3,113.9,,113.4,,,,,,,,,,,,
1987-03-01,,,115.9,112.3,,,,,115.5,110.7,,115.8,114.0,,113.7,,110.7,,,,,,,,,,
1987-04-01,,,,112.8,112.2,,111.2,106.4,116.0,,,116.6,115.5,,114.8,,,,,,,,,,,,
1987-05-01,,,115.3,113.3,,,,,116.8,111.1,,117.3,116.4,,115.0,,111.3,,,,,,,,,,
1987-06-01,,,,115.5,112.9,,111.1,106.5,116.5,,,117.8,117.4,,115.0,,,,,,,,,,,,
1987-07-01,,,116.3,115.9,,,,,116.5,112.0,,117.9,117.4,,115.8,,112.7,,108.1,,,,,,112.4,,116.7
1987-08-01,,,,116.7,113.5,,112.2,107.3,117.3,,,118.9,118.4,,116.1,,,,,,,,,,,,
1987-09-01,,,119.5,117.1,,,,,118.0,112.5,,119.8,118.7,,116.6,,114.3,,,,,,,,,,
1987-10-01,,,,115.1,114.9,,114.1,108.0,118.6,,,120.2,119.1,,117.1,,,,,,,,,,,,
1987-11-01,,,119.9,115.7,,,,,118.2,113.8,,120.5,118.6,,117.3,,113.1,,,,,,,,,,
1987-12-01,,,,115.7,113.9,,112.6,107.3,118.5,,,120.6,118.9,,117.4,,,,,,,,,,,,
1988-01-01,,,120.1,115.3,,,,,118.9,114.5,,121.3,119.3,,118.4,,113.4,,108.4,116.7,116.7,121.7,116.1,115.9,113.9,114.7,119.0
1988-02-01,,,,116.6,114.0,,113.7,108.0,119.7,,,121.1,119.3,,117.9,,,,,,,,,,,,
1988-03-01,,,122.1,116.9,,,,,120.6,115.1,,121.5,119.6,,119.1,,114.2,,,,,,,,,,
1988-04-01,,,,117.1,115.4,,114.4,108.2,121.1,,,122.6,120.0,,118.7,,,,,,,,,,,,
1988-05-01,,,123.1,117.0,,,,,122.0,116.2,,122.7,120.9,,119.7,,114.1,,,,,,,,,,
1988-06-01,,,,118.9,115.6,,115.4,109.4,122.0,,,123.1,121.9,,120.1,,,,,,,,,,,,
1988-07-01,,,123.8,119.8,,,,,122.1,116.8,,123.6,123.2,,120.9,,116.0,,108.9,,,,,,115.9,,122.0
1988-08-01,,,,120.1,117.2,,117.6,110.3,122.6,,,124.2,123.9,,122.0,,,,,,,,,,,,
1988-09-01,,,126.2,122.0,,,,,123.4,118.8,,126.0,125.2,,122.1,,117.3,,,,,,,,,,
1988-10-01,,,,121.6,117.9,,118.6,111.1,124.0,,,126.2,124.6,,122.3,,,,,,,,,,,,
1988-11-01,,,127.4,121.0,,,,,124.1,118.3,,125.9,125.3,,122.2,,118.3,,,,,,,,,,
1988-12-01,,,,121.3,117.2,,118.3,111.3,124.2,,,126.0,125.6,,122.6,,,,,,,,,,,,
1989-01-01,,,129.0,121.5,,,,,124.6,120.0,,127.0,125.7,,124.0,,118.4,,110.9,122.7,122.7,128.7,120.9,120.8,118.9,120.4,125.3
1989-02-01,,,,122.2,117.5,,120.1,112.7,125.5,,,127.6,125.4,,124.0,,,,,,,,,,,,
1989-03-01,,,129.7,123.0,,,,,126.2,119.8,,128.9,126.0,,125.9,,119.4,,,,,,,,,,
1989-04-01,,,,123.6,118.7,,121.7,113.2,127.2,,,129.5,126.7,,125.4,,,,,,,,,,,,
1989-05-01,,,130.5,123.9,,,,,128.3,120.9,,130.2,127.9,,126.3,,121.5,,,,,,,,,,
1989-06-01,,,,125.7,120.0,,122.1,114.1,128.7,,,130.5,128.8,,126.2,,,,,,,,,,,,
1989-07-01,,,130.3,126.4,,,,,129.0,121.6,,130.6,129.3,,127.4,,123.1,,112.5,,,,,,121.3,,127.4
1989-08-01,,,,126.4,120.0,,122.2,114.4,128.9,,,130.9,129.1,,128.1,,,,,,,,,,,,
1989-09-01,,,132.2,127.1,,,,,130.1,122.9,,132.2,130.2,,126.8,,123.9,,,,,,,,,,
1989-10-01,,,,126.8,121.4,,124.6,115.7,130.0,,,132.8,130.5,,127.5,,,,,,,,,,,,
1989-11-01,,,134.3,126.7,,,,,130.0,123.0,,133.2,130.1,,127.2,,123.1,,,,,,,,,,
1989-12-01,,,,126.5,120.5,,124.4,115.5,130.6,,,133.3,129.9,,127.4,,,,,,,,,,,,
1990-01-01,,,136.0,128.1,,,,,132.1,124.6,,135.1,131.2,,128.5,,125.1,,116.9,129.0,129.0,138.1,126.5,126.2,124.2,127.4,130.1
1990-02-01,,,,129.2,122.2,,126.1,118.7,133.6,,,135.3,132.2,,129.2,,,,,,,,,,,,
1990-03-01,,,136.3,129.5,,,,,134.5,125.1,,136.6,133.6,,130.0,,127.2,,,,,,,,,,
1990-04-01,,,,130.4,122.9,,126.9,118.3,134.2,,,137.3,134.3,,130.7,,,,,,,,,,,,
1990-05-01,,,136.6,130.4,,,,,134.6,126.4,,137.2,134.6,,130.8,,126.7,,,,,,,,,,
1990-06-01,,,,131.7,123.8,,127.7,119.7,135.0,,,137.1,135.1,,131.6,,,,,,,,,,,,
1990-07-01,,,137.6,132.0,,,,,135.6,128.7,,138.4,136.3,,132.3,,128.0,,120.4,,,,,,128.2,,134.0
1990-08-01,,,,133.2,126.0,,129.4,121.5,136.3,,,140.0,137.3,,133.1,,,,,,,,,,,,
1990-09-01,,,141.3,133.8,,,,,137.7,130.1,,140.8,138.2,,134.0,,129.9,,,,,,,,,,
1990-10-01,,,,133.3,129.5,,131.8,124.0,138.7,,,141.6,138.8,,134.6,,,,,,,,,,,,
1990-11-01,,,143.7,134.2,,,,,138.9,131.2,,141.5,139.1,,134.7,,130.4,,,,,,,,,,
1990-12-01,,,,134.6,128.4,,131.2,123.0,139.2,,,141.6,139.4,,135.1,,,,,,,,,,,,
1991-01-01,,,143.8,135.1,,,,,140.0,131.5,,143.0,140.4,,136.7,,131.0,,123.3,134.2,134.2,148.0,131.4,132.2,130.0,133.9,136.5
1991-02-01,,,,135.5,129.4,,132.2,124.3,139.9,,,143.6,140.6,,136.1,,,,,,,,,,,,
1991-03-01,,,143.9,136.2,,,,,139.7,132.0,,143.4,141.0,,136.3,,130.7,,,,,,,,,,
1991-04-01,,,,136.1,129.5,,131.7,123.5,140.7,,,143.7,140.8,,135.8,,,,,,,,,,,,
1991-05-01,,,143.5,136.8,,,,,140.8,132.0,,144.0,141.3,,136.2,,131.3,,,,,,,,,,
1991-06-01,,,,137.3,130.1,,133.5,124.9,140.8,,,144.6,141.8,,137.6,,,,,,,,,,,,
1991-07-01,,,145.1,137.3,,,,,141.5,132.0,,145.2,142.4,,138.2,,132.7,,124.7,,,,,,132.7,,139.4
1991-08-01,,,,137.6,131.1,,133.2,124.8,141.7,,,145.4,143.3,,139.1,,,,,,,,,,,,
1991-09-01,,,146.3,138.3,,,,,142.6,132.1,,145.8,143.8,,139.7,,133.5,,,,,,,,,,
1991-10-01,,,,138.0,133.6,,134.6,127.3,142.9,,,145.7,143.1,,139.6,,,,,,,,,,,,
1991-11-01,,,146.6,138.0,,,,,143.5,133.5,,146.6,143.3,,139.8,,133.2,,,,,,,,,,
1991-12-01,,,,138.3,132.0,,134.0,127.0,143.1,,,146.6,144.4,,139.8,,,,,,,,,,,,
1992-01-01,,,146.3,138.9,,,,,144.3,133.7,,147.3,144.4,,140.3,,132.5,,127.3,136.8,136.8,155.1,134.1,137.1,134.8,139.8,141.4
1992-02-01,,,,139.2,132.4,,134.9,127.0,144.9,,,148.0,144.2,,141.0,,,,,,,,,,,,
1992-03-01,,,147.9,139.7,,,,,145.5,134.5,,149.1,145.4,,141.9,,132.6,,,,,,,,,,
1992-04-01,,,,139.8,132.5,,135.3,128.7,145.8,,,149.2,145.4,,141.6,,,,,,,,,,,,
1992-05-01,,,147.5,140.5,,,,,146.0,133.7,,148.9,145.7,,141.9,,134.0,,,,,,,,,,
1992-06-01,,,,141.2,134.2,,135.5,129.4,146.2,,,149.5,147.5,,141.9,,,,,,,,,,,,
1992-07-01,,,148.9,141.4,,,,,146.7,133.8,,149.9,147.3,,142.2,,135.7,,129.1,,,,,,137.1,,143.6
1992-08-01,,,,141.9,134.4,,135.8,129.9,146.9,,,150.8,148.0,,142.7,,,,,,,,,,,,
1992-09-01,,,149.4,142.7,,,,,147.4,134.6,,151.4,148.1,,143.7,,136.6,,,,,,,,,,
1992-10-01,,,,142.1,136.1,,137.5,130.8,148.4,,,152.1,148.0,,144.3,,,,,,,,,,,,
1992-11-01,,,150.4,142.4,,,,,148.2,135.9,,152.2,147.5,,144.2,,136.0,,,,,,,,,,
1992-12-01,,,,142.9,134.6,,137.1,129.3,148.2,,,151.9,147.5,,144.3,,,,,,,,,,,,
1993-01-01,,,151.9,143.2,,,,,149.2,137.8,,153.0,147.5,,145.1,,135.9,,131.5,140.3,140.3,160.1,137.8,142.1,139.2,144.7,146.0
1993-02-01,,,,143.6,135.4,,138.3,131.7,150.0,,,153.6,148.5,,145.5,,,,,,,,,,,,
1993-03-01,,,154.1,144.1,,,,,149.8,139.2,,154.1,149.3,,145.7,,136.1,,,,,,,,,,
1993-04-01,,,,144.7,137.0,,138.7,131.8,149.9,,,154.0,149.6,,146.8,,,,,,,,,,,,
1993-05-01,,,151.9,145.7,,,,,150.1,139.0,,153.8,149.4,,146.9,,136.8,,,,,,,,,,
1993-06-01,,,,145.6,136.2,,139.1,132.9,149.7,,,154.2,150.5,,146.1,,,,,,,,,,,,
1993-07-01,,,152.5,145.5,,,,,149.8,139.0,,154.3,150.7,,146.1,,138.8,,132.8,,,,,,140.6,,146.7
1993-08-01,,,,146.1,138.1,,139.9,133.0,149.9,,,155.3,150.6,,146.2,,,,,,,,,,,,
1993-09-01,,,152.0,146.7,,,,,150.2,139.2,,155.3,151.1,,146.5,,138.4,,,,,,,,,,
1993-10-01,,,,147.2,139.6,,141.9,136.6,150.9,,,155.5,152.2,,147.0,,,,,,,,,,,,
1993-11-01,,,154.5,146.4,,,,,151.6,139.8,,155.4,152.1,,147.2,,138.1,,,,,,,,,,
1993-12-01,,,,146.1,138.8,,140.2,136.5,151.9,,,155.6,151.3,,147.0,,,,,,,,,,,,
1994-01-01,,,153.6,146.5,,,,,152.2,141.0,,156.0,152.5,,147.5,,138.6,,134.3,144.4,144.4,164.5,142.4,147.0,143.2,148.9,147.9
1994-02-01,,,,146.8,139.2,,141.7,137.0,152.2,,,157.4,152.9,,147.4,,,,,,,,,,,,
1994-03-01,,,155.0,147.6,,,,,152.5,143.5,,157.9,153.5,,148.2,,139.7,,,,,,,,,,
1994-04-01,,,,147.9,140.3,,142.6,136.8,152.0,,,157.7,153.1,,148.0,,,,,,,,,,,,
1994-05-01,,,153.6,147.6,,,,,151.4,143.3,,157.3,153.2,,148.3,,140.0,,,,,,,,,,
1994-06-01,,,,148.1,141.4,,144.8,137.4,151.3,,,157.8,154.6,,148.1,,,,,,,,,,,,
1994-07-01,,,153.9,148.3,,,,,151.7,143.4,,158.2,155.3,,148.9,,141.9,,135.8,,,,,,146.0,,149.4
1994-08-01,,,,149.8,142.2,,145.3,139.2,152.0,,,159.1,155.7,,149.4,,,,,,,,,,,,
1994-09-01,,,155.7,150.2,,,,,152.7,144.5,,159.0,156.2,,149.4,,143.4,,,,,,,,,,
1994-10-01,,,,149.4,142.8,,145.7,139.3,153.4,,,159.5,156.6,,149.4,,,,,,,,,,,,
1994-11-01,,,156.7,150.4,,,,,152.9,144.5,,159.4,156.7,,149.8,,143.3,,,,,,,,,,
1994-12-01,,,,150.5,141.9,,145.5,137.8,153.4,,,158.9,155.4,,149.4,,,,,,,,,,,,
1995-01-01,,,158.0,151.8,,,,,154.3,147.3,,159.9,156.6,,150.3,,142.9,,138.2,147.9,147.9,168.1,146.2,151.0,148.2,153.2,151.1
1995-02-01,,,,152.3,143.3,,147.3,139.3,154.5,,,160.3,157.8,,150.5,,,,,,,,,,,,
1995-03-01,,,158.4,152.6,,,,,154.6,148.7,,160.9,158.0,,151.1,,144.5,,,,,,,,,,
1995-04-01,,,,153.1,145.0,,148.1,138.0,154.7,,,161.4,157.8,,151.5,,,,,,,,,,,,
1995-05-01,,,157.7,153.0,,,,,155.1,148.6,,161.8,157.8,,151.3,,144.6,,,,,,,,,,
1995-06-01,,,,153.5,144.4,,148.3,139.9,154.8,,,162.2,158.4,,151.7,,,,,,,,,,,,
1995-07-01,,,157.8,153.6,,,,,154.5,148.3,,162.3,158.9,,151.5,,145.6,,139.5,,,,,,150.1,,152.1
1995-08-01,,,,153.8,145.1,,148.8,140.1,154.4,,,162.8,159.6,,151.5,,,,,,,,,,,,
1995-09-01,,,158.6,154.0,,,,,154.6,148.9,,163.2,160.3,,152.3,,147.1,,,,,,,,,,
1995-10-01,,,,154.3,146.8,,149.8,141.6,155.2,,,163.6,160.4,,152.6,,,,,,,,,,,,
1995-11-01,,,160.3,154.0,,,,,154.4,150.2,,163.8,159.6,,152.4,,145.7,,,,,,,,,,
1995-12-01,,,,153.8,145.5,,150.3,140.9,154.6,,,163.7,159.1,,152.1,,,,,,,,,,,,
1996-01-01,,,162.2,154.6,,,,,155.7,152.0,,164.8,160.3,,152.9,,147.2,,141.8,152.0,152.0,170.7,149.6,154.7,152.1,158.6,153.9
1996-02-01,,,,155.2,146.2,,151.3,141.5,156.2,,,165.7,161.2,,153.2,,,,,,,,,,,,
1996-03-01,,,162.8,156.3,,,,,157.3,152.4,,166.5,162.0,,152.9,,148.9,,,,,,,,,,
1996-04-01,,,,156.4,148.5,,152.3,143.1,157.7,,,166.0,162.1,,153.9,,,,,,,,,,,,
1996-05-01,,,161.8,156.9,,,,,157.5,152.6,,166.4,161.8,,155.1,,148.1,,,,,,,,,,
1996-06-01,,,,157.6,149.4,,151.9,142.8,156.7,,,166.5,162.3,,155.2,,,,,,,,,,,,
1996-07-01,,,162.0,157.7,,,,,157.6,152.4,,166.7,162.8,,155.9,,149.9,,143.7,,,,,,154.3,,156.3
1996-08-01,,,,158.1,149.5,,152.7,142.8,157.3,,,167.2,163.6,,155.6,,,,,,,,,,,,
1996-09-01,,,163.5,158.3,,,,,158.2,154.6,,168.2,164.5,,156.3,,151.0,,,,,,,,,,
1996-10-01,,,,158.8,150.7,,153.8,143.2,158.8,,,168.2,164.9,,156.9,,,,,,,,,,,,
1996-11-01,,100.0,166.3,159.4,,,,,158.4,156.4,,168.4,164.3,,156.9,,151.4,100.0,,,,,,,,,
1996-12-01,,,,159.7,150.0,,154.3,143.6,158.3,,,168.5,164.3,,156.0,,,,,,,,,,,,
1997-01-01,,100.4,167.7,160.4,,,,,159.1,158.1,,169.1,165.1,,157.0,,151.5,100.4,144.1,156.1,156.1,171.9,152.1,157.7,156.6,164.0,158.9
1997-02-01,,,,161.1,150.7,,155.4,144.5,159.2,,,170.1,165.8,,157.9,,,,,,,,,,,,
1997-03-01,,100.8,168.1,161.0,,,,,159.8,158.5,,170.7,166.1,,159.2,,152.2,100.8,,,,,,,,,
1997-04-01,,,,160.9,150.6,,156.0,145.2,159.9,,,170.2,166.0,,159.6,,,,,,,,,,,,
1997-05-01,,100.5,166.7,161.1,,,,,159.5,157.9,,169.9,166.0,,159.8,,152.1,100.5,,,,,,,,,
1997-06-01,,,,161.7,151.4,,155.0,144.8,159.4,,,170.3,166.1,,160.0,,,,,,,,,,,,
1997-07-01,,101.1,167.1,161.7,,,,,159.5,157.9,,170.8,166.4,,160.6,,153.3,101.1,145.4,,,,,,157.5,,161.9
1997-08-01,,,,162.5,151.2,,156.9,145.4,159.7,,,170.8,166.8,,161.2,,,,,,,,,,,,
1997-09-01,,101.4,167.8,162.1,,,,,160.5,158.5,,171.7,168.6,,161.6,,155.1,101.4,,,,,,,,,
1997-10-01,,,,162.5,152.8,,157.9,147.3,161.1,,,172.3,167.7,,162.5,,,,,,,,,,,,
1997-11-01,,100.5,169.4,162.9,,,,,160.7,159.5,,172.0,166.4,,162.6,,152.9,100.5,,,,,,,,,
1997-12-01,159.4,,,162.8,152.5,,157.1,145.6,161.2,159.3,,171.9,166.4,,162.6,165.0,,,,,,,,,,,
1998-01-01,,101.0,171.2,162.8,152.1,,,,161.0,,,172.1,,,,,,101.0,146.7,159.8,159.8,171.5,155.1,160.3,158.1,167.1,164.2
1998-02-01,159.5,,,163.1,,,158.5,146.1,161.1,160.2,,172.7,167.0,,163.2,166.5,,,,,,,,,,,
1998-03-01,,101.6,171.3,164.1,153.0,,,,161.4,,,173.0,,,,,,101.6,,,,,,,,,
1998-04-01,160.8,,,164.8,,,159.1,146.3,161.8,160.2,,173.0,167.1,,164.6,166.4,,,,,,,,,,,
1998-05-01,,101.5,170.9,165.6,153.0,,,,162.3,,,173.0,,,,,,101.5,,,,,,,,,
1998-06-01,162.0,,,166.0,,,159.4,146.4,162.2,160.2,,173.1,168.0,,165.5,167.5,,,,,,,,,,,
1998-07-01,,102.8,170.7,166.5,154.2,,,,162.1,,,173.6,,,,,,102.8,147.0,,,,,,160.3,,166.9
1998-08-01,161.9,,,165.4,,,160.5,147.4,162.6,160.8,,174.2,168.6,,166.6,168.5,,,,,,,,,,,
1998-09-01,,102.9,172.1,165.3,154.5,,,,162.6,,,174.4,,,,,,102.9,,,,,,,,,
1998-10-01,162.0,,,165.7,,,161.0,148.5,163.2,161.1,,174.8,170.3,,167.2,169.3,,,,,,,,,,,
1998-11-01,,102.4,173.3,165.4,154.0,,,,163.4,,,174.7,,,,,,102.4,,,,,,,,,
1998-12-01,161.6,,,165.1,,,161.2,146.1,163.5,161.1,,174.7,169.0,,167.4,169.4,,,,,,,,,,,
1999-01-01,,102.8,174.1,166.1,155.0,,,,164.2,,,175.0,,,,,,102.8,148.6,162.5,162.5,173.3,159.2,163.7,161.4,172.6,170.8
1999-02-01,161.9,,,166.4,,,161.2,146.6,164.6,161.4,,175.1,168.6,,169.4,170.6,,,,,,,,,,,
1999-03-01,,103.2,174.8,167.0,156.4,,,,165.0,,,175.5,,,,,,103.2,,,,,,,,,
1999-04-01,164.0,,,167.6,,,164.1,148.3,166.6,161.7,,176.0,171.1,,172.2,172.2,,,,,,,,,,,
1999-05-01,,103.6,174.2,168.2,157.2,,,,166.2,,,176.1,,,,,,103.6,,,,,,,,,
1999-06-01,164.8,,,168.9,,,163.8,148.3,165.4,161.3,,176.8,172.1,,171.8,172.7,,,,,,,,,,,
1999-07-01,,104.6,175.3,169.4,158.3,,,,165.8,,,177.2,,,,,,104.6,148.3,,,,,,163.6,,174.2
1999-08-01,165.9,,,169.3,,,164.2,148.9,166.3,162.3,,177.6,173.1,,173.5,173.4,,,,,,,,,,,
1999-09-01,,105.4,176.8,169.7,159.8,,,,167.2,,,178.2,,,,,,105.4,,,,,,,,,
1999-10-01,166.5,,,169.7,,,165.9,151.2,167.2,164.1,,178.9,174.4,,175.2,174.7,,,,,,,,,,,
1999-11-01,,105.0,179.2,169.3,160.1,,,,167.1,,,178.8,,,,,,105.0,,,,,,,,,
1999-12-01,167.0,,,169.2,,,165.6,150.3,167.3,164.8,,178.6,172.9,,174.5,174.4,,,,,,,,,,,
2000-01-01,,105.4,180.2,170.2,160.4,,,,167.9,,,179.3,,,,,,105.4,150.0,168.0,168.0,176.3,164.8,168.6,166.9,178.0,177.7
2000-02-01,167.5,,,171.4,,,167.3,152.1,169.3,165.9,,180.5,174.8,,176.5,176.1,,,,,,,,,,,
2000-03-01,,107.1,182.8,172.2,163.1,,,,170.7,,,181.5,,,,,,107.1,,,,,,,,,
2000-04-01,170.0,,,171.9,,,168.3,152.8,170.6,166.9,,181.4,175.8,,178.7,177.8,,,,,,,,,,,
2000-05-01,,106.7,181.7,173.7,163.2,,,,171.1,,,181.4,,,,,,106.7,,,,,,,,,
2000-06-01,171.3,,,176.0,,,170.9,154.1,171.0,168.0,,182.0,176.6,,179.1,179.2,,,,,,,,,,,
2000-07-01,,108.4,183.2,174.6,166.2,,,,171.7,,,182.8,,,,,,108.4,151.9,,,,,,169.0,,182.6
2000-08-01,172.1,,,173.7,,,170.1,154.4,172.2,168.4,,183.1,177.5,,181.7,180.3,,,,,,,,,,,
2000-09-01,,108.7,184.3,174.8,166.9,,,,173.3,,,184.4,,,,,,108.7,,,,,,,,,
2000-10-01,171.9,,,175.4,,,171.9,157.1,173.8,169.6,,184.6,177.9,,183.4,182.1,,,,,,,,,,,
2000-11-01,,108.5,187.4,176.0,166.8,,,,173.5,,,184.6,,,,,,108.5,,,,,,,,,
2000-12-01,171.9,,,175.8,,,171.7,156.2,173.5,169.5,,184.2,177.5,,184.1,181.5,,,,,,,,,,,
2001-01-01,,108.9,189.0,178.1,167.3,,,,174.2,,,184.9,,,,,,108.9,154.4,172.9,172.9,178.4,167.9,171.7,172.4,182.4,188.7
2001-02-01,175.3,,,178.5,,,173.2,158.6,175.4,171.9,,185.3,179.0,,187.9,184.0,,,,,,,,,,,
2001-03-01,,109.7,190.9,177.1,168.9,,,,176.2,,,186.4,,,,,,109.7,,,,,,,,,
2001-04-01,176.6,,,178.4,,,174.5,159.5,176.6,172.8,,186.6,181.2,,189.1,184.2,,,,,,,,,,,
2001-05-01,,110.1,190.9,179.8,169.4,,,,177.5,,,187.3,,,,,,110.1,,,,,,,,,
2001-06-01,177.8,,,179.2,,,175.8,159.6,178.9,173.5,,188.3,182.5,,190.9,186.3,,,,,,,,,,,
2001-07-01,,110.8,192.1,177.7,171.5,,,,178.3,,,187.8,,,,,,110.8,156.0,,,,,,172.5,,191.1
2001-08-01,176.9,,,178.1,,,175.1,158.6,178.4,173.5,,188.1,182.8,,191.0,186.8,,,,,,,,,,,
2001-09-01,,111.7,192.7,179.7,172.8,,,,178.8,,,188.0,,,,,,111.7,,,,,,,,,
2001-10-01,176.7,,,178.1,,,174.8,159.4,178.3,174.2,,187.8,182.9,,191.7,187.9,,,,,,,,,,,
2001-11-01,,110.9,192.7,177.4,171.5,,,,178.1,,,187.8,,,,,,110.9,,,,,,,,,
2001-12-01,174.8,,,177.9,,,173.5,157.1,177.1,173.1,,187.3,179.9,,190.6,186.1,,,,,,,,,,,
2002-01-01,,110.9,192.9,177.9,170.6,,,,178.9,,,188.5,,,,,,110.9,157.5,173.3,173.3,180.3,170.0,174.0,172.9,183.8,192.3
2002-02-01,176.1,,,178.7,,,176.2,156.6,180.1,175.0,,189.9,182.0,,191.3,187.6,,,,,,,,,,,
2002-03-01,,111.9,194.7,179.8,172.1,,,,181.1,,,191.1,,,,,,111.9,,,,,,,,,
2002-04-01,178.6,,,180.9,,,179.0,158.8,182.2,175.0,,191.8,183.1,,193.0,188.8,,,,,,,,,,,
2002-05-01,,112.8,194.8,181.4,172.9,,,,182.6,,,191.4,,,,,,112.8,,,,,,,,,
2002-06-01,179.1,,,182.1,,,179.0,158.3,181.9,174.4,,191.5,186.3,,193.2,189.4,,,,,,,,,,,
2002-07-01,,113.4,195.7,181.2,172.9,,,,182.2,,,192.0,,,,,,113.4,159.0,,,,,,175.0,,193.7
2002-08-01,179.7,,,181.6,,,180.9,160.1,183.0,175.2,,193.1,188.3,,193.5,190.3,,,,,,,,,,,
2002-09-01,,114.0,199.1,182.1,173.2,,,,183.4,,,193.3,,,,,,114.0,,,,,,,,,
2002-10-01,179.4,,,182.8,,,180.4,162.6,183.7,177.0,,193.7,185.8,,194.3,190.9,,,,,,,,,,,
2002-11-01,,114.0,200.4,183.2,173.6,,,,184.0,,,193.4,,,,,,114.0,,,,,,,,,
2002-12-01,177.3,,,182.4,,,179.7,159.8,183.7,177.9,,193.1,185.3,,193.2,190.0,,,,,,,,,,,
2003-01-01,,114.6,199.8,182.7,174.0,,,,185.2,,,194.7,,,,,,114.6,161.1,176.2,176.2,184.5,173.4,177.7,176.9,186.3,196.8
2003-02-01,180.7,,,184.1,,,182.4,164.0,186.5,180.3,,196.2,186.6,,197.7,191.3,,,,,,,,,,,
2003-03-01,,115.9,202.8,184.8,176.8,,,,188.2,,,197.1,,,,,,115.9,,,,,,,,,
2003-04-01,182.1,,,183.4,,,182.2,162.5,187.6,180.6,,196.7,187.2,,197.3,192.3,,,,,,,,,,,
2003-05-01,,115.7,202.3,183.4,176.9,,,,186.4,,,196.8,,,,,,115.7,,,,,,,,,
2003-06-01,181.5,,,184.1,,,182.8,162.5,186.3,179.4,,196.9,189.7,,196.3,191.7,,,,,,,,,,,
2003-07-01,,116.8,203.0,184.1,176.5,,,,186.3,,,197.7,,,,,,116.8,163.9,,,,,,178.1,,196.1
2003-08-01,181.7,,,184.5,,,183.6,164.1,186.9,180.9,,199.1,191.1,,196.3,194.4,,,,,,,,,,,
2003-09-01,,117.2,206.8,186.1,177.0,,,,188.2,,,199.6,,,,,,117.2,,,,,,,,,
2003-10-01,180.1,,,185.8,,,183.3,166.1,187.8,181.6,,200.0,190.3,,196.3,193.7,,,,,,,,,,,
2003-11-01,,116.7,206.5,185.6,175.9,,,,187.1,,,199.4,,,,,,116.7,,,,,,,,,
2003-12-01,179.0,,,185.5,,,181.3,164.1,187.0,181.6,,199.3,189.0,,195.3,191.0,,,,,,,,,,,
2004-01-01,,117.1,208.4,185.4,175.7,,,,188.5,,,199.9,,,,,,117.1,165.6,181.6,181.6,190.6,176.5,180.2,181.4,191.1,198.2
2004-02-01,180.8,,,186.4,,,183.4,168.5,190.1,183.6,,201.1,191.4,,198.1,193.5,,,,,,,,,,,
2004-03-01,,118.1,208.7,186.3,177.7,,,,191.5,,,203.4,,,,,,118.1,,,,,,,,,
2004-04-01,182.3,,,187.2,,,184.7,169.7,191.9,185.2,,204.0,194.8,,198.3,194.3,,,,,,,,,,,
2004-05-01,,118.9,208.7,188.7,179.1,,,,193.3,,,204.4,,,,,,118.9,,,,,,,,,
2004-06-01,185.7,,,189.1,,,185.8,169.3,193.7,185.6,,206.0,198.0,,199.0,195.3,,,,,,,,,,,
2004-07-01,,120.2,208.9,189.2,179.1,,,,193.4,,,205.5,,,,,,120.2,167.8,,,,,,184.7,,199.5
2004-08-01,184.1,,,190.2,,,186.8,169.1,193.1,185.1,,205.7,199.1,,198.7,194.6,,,,,,,,,,,
2004-09-01,,120.8,209.8,190.0,179.7,,,,194.5,,,205.9,,,,,,120.8,,,,,,,,,
2004-10-01,183.9,,,190.8,,,187.6,171.8,196.3,187.0,,207.3,200.2,,200.3,196.5,,,,,,,,,,,
2004-11-01,,120.9,211.7,190.7,179.9,,,,196.9,,,207.2,,,,,,120.9,,,,,,,,,
2004-12-01,183.2,,,189.6,,,185.3,170.0,195.2,188.6,,206.8,197.8,,199.5,195.1,,,,,,,,,,,
2005-01-01,,121.3,211.3,189.9,180.0,,,,195.4,,,208.1,,,,,,121.3,169.6,187.9,187.9,197.8,181.6,185.2,187.8,196.0,201.5
2005-02-01,185.3,,,190.5,,,187.8,174.6,197.4,190.6,,208.9,200.1,,201.2,197.6,,,,,,,,,,,
2005-03-01,,122.7,214.2,191.3,181.3,,,,199.2,,,212.4,,,,,,122.7,,,,,,,,,
2005-04-01,188.0,,,193.2,,,189.8,175.0,201.1,193.2,,212.5,203.3,,202.5,201.3,,,,,,,,,,,
2005-05-01,,123.6,214.6,193.3,183.5,,,,201.5,,,211.4,,,,,,123.6,,,,,,,,,
2005-06-01,189.6,,,194.0,,,189.6,174.2,200.7,192.6,,210.7,204.8,,201.2,199.8,,,,,,,,,,,
2005-07-01,,125.0,217.2,194.2,184.3,,,,201.4,,,212.5,,,,,,125.0,174.1,,,,,,191.7,,203.9
2005-08-01,189.5,,,195.8,,,192.2,175.5,203.1,195.6,,214.1,206.6,,203.0,199.9,,,,,,,,,,,
2005-09-01,,126.7,220.1,198.3,188.9,,,,205.8,,,215.8,,,,,,126.7,,,,,,,,,
2005-10-01,193.9,,,197.9,,,195.1,179.2,206.9,198.8,,216.6,207.5,,205.9,203.3,,,,,,,,,,,
2005-11-01,,125.4,218.6,197.3,187.8,,,,205.6,,,215.3,,,,,,125.4,,,,,,,,,
2005-12-01,188.7,,,196.4,,,192.4,177.2,203.9,197.4,,214.2,204.9,,203.4,200.9,,,,,,,,,,,
2006-01-01,,126.3,220.5,197.5,188.6,,,,206.0,,,215.9,,,,,,126.3,176.7,191.1,191.1,209.4,188.6,189.9,194.8,201.1,207.9
2006-02-01,189.8,,,197.2,,,194.8,178.6,207.5,202.2,,216.4,209.0,,207.1,203.6,,,,,,,,,,,
2006-03-01,,126.8,221.3,197.6,188.4,,,,208.5,,,218.2,,,,,,126.8,,,,,,,,,
2006-04-01,193.9,,,197.7,,,197.2,181.2,210.5,203.8,,220.2,211.6,,208.9,207.4,,,,,,,,,,,
2006-05-01,,128.8,222.9,198.4,191.2,,,,212.4,,,221.6,,,,,,128.8,,,,,,,,,
2006-06-01,196.0,,,199.0,,,196.8,182.4,211.1,203.8,,222.6,213.9,,209.1,208.2,,,,,,,,,,,
2006-07-01,,130.7,225.1,199.3,191.7,,,,211.4,,,223.1,,,,,,130.7,177.9,,,,,,196.6,,210.6
2006-08-01,197.3,,,200.4,,,198.6,182.5,211.9,205.6,,224.1,216.4,,210.7,209.6,,,,,,,,,,,
2006-09-01,,130.2,224.5,199.6,192.0,,,,212.9,,,222.9,,,,,,130.2,,,,,,,,,
2006-10-01,192.7,,,197.5,,,196.6,180.4,211.4,204.8,,221.7,211.6,,211.0,209.8,,,,,,,,,,,
2006-11-01,,129.3,223.1,197.9,188.4,,,,211.1,,,220.9,,,,,,129.3,,,,,,,,,
2006-12-01,194.8,,,197.8,,,196.4,179.2,210.6,205.4,,221.3,211.6,,210.4,209.3,,,,,,,,,,,
2007-01-01,,129.956,224.432,199.401,188.89,,,,212.584,,,221.767,,,,,,129.956,179.394,195.97,195.97,219.504,193.892,194.102,199.672,208.556,214.736
2007-02-01,194.886,,,200.63,,,198.064,181.217,214.76,207.989,,223.066,213.152,,213.688,211.704,,,,,,,,,,,
2007-03-01,,131.945,226.427,202.483,190.156,,,,216.5,,,224.551,,,,,,131.945,,,,,,,,,
2007-04-01,199.039,,,204.019,,,200.418,184.14,217.845,210.904,,225.78,215.27,,215.842,215.767,,,,,,,,,,,
2007-05-01,,132.982,226.247,205.686,192.779,,,,218.596,,,227.146,,,,,,132.982,,,,,,,,,
2007-06-01,202.2,,,206.092,,,201.585,184.529,217.273,212.82,,228.258,217.255,,216.123,215.51,,,,,,,,,,,
2007-07-01,,134.442,226.929,205.561,194.286,,,,217.454,,,228.628,,,,,,134.442,183.08,,,,,,203.295,,217.361
2007-08-01,201.258,,,205.813,,,199.679,183.74,217.33,213.127,,228.326,218.692,,216.24,215.978,,,,,,,,,,,
2007-09-01,,134.678,227.85,206.454,194.847,,,,217.697,,,228.308,,,,,,134.678,,,,,,,,,
2007-10-01,201.938,,,206.696,,,201.786,184.922,218.696,215.159,,228.552,218.929,,217.949,218.427,,,,,,,,,,,
2007-11-01,,135.151,230.689,207.821,196.465,,,,219.943,,,229.504,,,,,,135.151,,,,,,,,,
2007-12-01,202.751,,,207.155,,,200.201,186.246,219.373,217.319,,229.395,219.025,,218.485,218.966,,,,,,,,,,,
2008-01-01,,136.293,231.98,208.757,197.079,,,,220.918,,,229.869,,,,,,136.293,187.659,203.004,203.004,228.861,201.543,203.029,209.486,215.389,221.73
2008-02-01,204.166,,,209.526,,,202.378,187.585,221.431,219.082,,231.02,220.935,,219.612,221.728,,,,,,,,,,,
2008-03-01,,138.09,233.084,211.542,198.596,,,,223.606,,,233.122,,,,,,138.09,,,,,,,,,
2008-04-01,206.371,,,212.662,,,205.281,188.795,224.625,221.324,,233.822,223.622,,222.074,223.196,,,,,,,,,,,
2008-05-01,,139.649,235.344,214.932,202.357,,,,226.651,,,236.151,,,,,,139.649,,,,,,,,,
2008-06-01,212.032,,,215.738,,,207.593,193.567,229.033,225.079,,238.58,228.408,,225.181,228.068,,,,,,,,,,,
2008-07-01,,142.065,241.258,217.459,206.413,,,,229.886,,,240.273,,,,,,142.065,191.335,,,,,,213.084,,223.804
2008-08-01,211.404,,,215.971,,,209.484,192.723,228.484,225.473,,240.55,228.337,,225.411,227.745,,,,,,,,,,,
2008-09-01,,142.036,238.519,215.465,205.883,,,,227.449,,,240.089,,,,,,142.036,,,,,,,,,
2008-10-01,206.388,,,213.363,,,205.238,191.14,226.159,223.699,,238.403,225.113,,225.824,225.915,,,,,,,,,,,
2008-11-01,,138.547,232.354,209.053,200.051,,,,222.229,,,234.498,,,,,,138.547,,,,,,,,,
2008-12-01,196.961,,,205.959,,,197.991,185.93,219.62,218.324,,233.012,218.186,,218.528,222.58,,,,,,,,,,,
2009-01-01,,137.598,230.806,207.616,198.623,,,,220.719,,,233.402,,,,,,137.598,190.032,200.491,200.491,230.048,200.587,202.999,210.468,215.647,223.305
2009-02-01,199.19,,,207.367,,,201.913,187.972,221.439,220.589,,234.663,220.262,,222.166,224.737,,,,,,,,,,,
2009-03-01,,138.62,232.155,207.462,200.039,,,,221.376,,,235.067,,,,,,138.62,,,,,,,,,
2009-04-01,199.21,,,207.886,,,202.373,189.701,221.693,220.74,,235.582,221.686,,223.854,225.918,,,,,,,,,,,
2009-05-01,,139.311,231.891,209.809,199.311,,,,222.522,,,235.975,,,,,,139.311,,,,,,,,,
2009-06-01,203.585,,,211.01,,,204.537,192.325,223.906,221.485,,237.172,223.81,,225.692,227.257,,,,,,,,,,,
2009-07-01,,140.81,233.018,210.906,200.663,,,,224.01,,,237.6,,,,,,140.81,193.456,,,,,,213.774,,225.484
2009-08-01,203.351,,,211.441,,,204.673,191.687,224.507,221.306,,238.282,226.039,,225.801,227.138,,,,,,,,,,,
2009-09-01,,140.945,236.596,211.345,201.802,,,,225.226,,,238.568,,,,,,140.945,,,,,,,,,
2009-10-01,201.068,,,211.708,,,205.079,191.608,225.264,222.416,,238.38,224.787,,226.051,226.277,,,,,,,,,,,
2009-11-01,,140.718,236.589,212.206,201.958,,,,224.317,,,238.777,,,,,,140.718,,,,,,,,,
2009-12-01,200.456,,,211.185,,,203.88,190.932,223.643,222.943,,238.427,224.8,,224.239,225.596,,,,,,,,,,,
2010-01-01,,141.124,237.266,212.104,202.106,,,,224.61,,,238.97,,,,,,141.124,194.834,204.57,204.57,234.869,204.729,209.646,214.47,218.344,226.994
2010-02-01,202.646,,,212.456,,,203.38,192.412,224.62,222.505,,238.862,226.529,,226.145,226.085,,,,,,,,,,,
2010-03-01,,141.741,237.986,212.952,201.982,,,,225.483,,,240.101,,,,,,141.741,,,,,,,,,
2010-04-01,204.014,,,212.929,,,205.248,194.037,225.916,222.625,,240.529,227.432,,227.697,226.513,,,,,,,,,,,
2010-05-01,,142.025,238.083,212.984,202.108,,,,226.438,,,241.075,,,,,,142.025,,,,,,,,,
2010-06-01,204.725,,,212.186,,,204.891,194.734,225.877,222.39,,240.817,228.074,,228.11,226.118,,,,,,,,,,,
2010-07-01,,141.966,236.132,212.535,200.227,,,,225.991,,,241.147,,,,,,141.966,195.455,,,,,,216.345,,227.944
2010-08-01,204.511,,,212.784,,,205.412,195.165,226.373,222.803,,241.569,228.5,,227.954,227.645,,,,,,,,,,,
2010-09-01,,142.738,236.474,213.339,201.882,,,,226.048,,,241.485,,,,,,142.738,,,,,,,,,
2010-10-01,202.913,,,213.332,,,205.824,195.094,226.794,223.631,,241.981,228.543,,228.107,227.251,,,,,,,,,,,
2010-11-01,,142.915,238.103,213.066,201.168,,,,225.941,,,241.96,,,,,,142.915,,,,,,,,,
2010-12-01,202.519,,,213.778,,,206.384,194.479,226.639,224.907,,241.874,228.017,,227.658,226.862,,,,,,,,,,,
2011-01-01,,144.327,239.814,215.155,203.199,,,,228.652,,,242.639,,,,,,144.327,200.278,211.024,211.024,243.622,211.064,216.934,222.651,224.59,232.082
2011-02-01,205.744,,,216.192,,,206.816,197.224,229.729,227.451,,243.832,230.878,,229.981,229.482,,,,,,,,,,,
2011-03-01,,146.044,242.787,217.88,206.967,,,,232.241,,,245.617,,,,,,146.044,,,,,,,,,
2011-04-01,209.215,,,218.762,,,211.673,201.624,233.319,231.503,,246.489,233.143,,234.121,231.314,,,,,,,,,,,
2011-05-01,,147.554,244.574,220.094,208.794,,,,233.367,,,248.073,,,,,,147.554,,,,,,,,,
2011-06-01,211.074,,,220.182,,,213.506,201.309,232.328,231.197,,248.505,234.463,,233.646,233.25,,,,,,,,,,,
2011-07-01,,147.747,244.256,219.277,208.602,,,,231.303,,,249.164,,,,,,147.747,202.576,,,,,,227.513,,234.698
2011-08-01,212.335,,,219.688,,,213.924,202.445,231.833,232.749,,250.058,236.196,,234.608,233.81,,,,,,,,,,,
2011-09-01,,147.658,245.31,220.027,209.255,,,,233.022,,,250.559,,,,,,147.658,,,,,,,,,
2011-10-01,209.182,,,219.592,,,212.927,201.398,233.049,232.141,,250.051,235.44,,235.331,235.916,,,,,,,,,,,
2011-11-01,,147.565,245.03,219.181,209.283,,,,232.731,,,249.317,,,,,,147.565,,,,,,,,,
2011-12-01,208.59,,,218.18,,,213.505,200.477,231.567,231.794,,248.307,234.312,,234.327,234.812,,,,,,,,,,,
2012-01-01,,148.163,245.891,219.585,209.203,,,,233.441,,,249.322,,,,,,148.163,205.215,214.706,214.706,249.474,216.316,221.143,232.249,229.779,238.099
2012-02-01,210.6,,,219.626,,,214.836,204.291,234.537,234.043,,250.285,235.857,,236.88,235.744,,,,,,,,,,,
2012-03-01,,150.074,247.166,222.351,212.618,,,,236.941,,,251.887,,,,,,150.074,,,,,,,,,
2012-04-01,212.895,,,222.416,,,216.194,206.088,236.866,236.095,,252.349,237.782,,238.985,237.931,,,,,,,,,,,
2012-05-01,,150.155,246.582,222.262,212.226,,,,237.032,,,252.652,,,,,,150.155,,,,,,,,,
2012-06-01,214.277,,,222.138,,,214.464,204.829,236.025,233.991,,252.406,237.405,,239.806,239.54,,,,,,,,,,,
2012-07-01,,149.838,246.326,221.611,211.267,,,,235.776,,,252.016,,,,,,149.838,206.617,,,,,,233.539,,241.201
2012-08-01,215.504,,,222.967,,,217.098,203.959,237.222,236.11,,253.472,239.557,,241.17,240.213,,,,,,,,,,,
2012-09-01,,151.732,249.488,223.611,214.033,,,,238.104,,,254.554,,,,,,151.732,,,,,,,,,
2012-10-01,212.996,,,223.227,,,218.104,204.139,240.111,236.793,,254.277,240.537,,242.834,241.355,,,,,,,,,,,
2012-11-01,,150.646,249.929,222.425,212.901,,,,237.675,,,254.285,,,,,,150.646,,,,,,,,,
2012-12-01,211.04,,,221.838,,,216.569,202.477,236.042,235.023,,253.555,238.492,,239.533,237.993,,,,,,,,,,,
2013-01-01,,150.845,249.957,222.251,213.696,,,,238.015,,,254.807,,,,,,150.845,210.853,217.462,217.462,253.924,220.029,225.061,236.009,235.528,243.894
2013-02-01,215.009,,,224.681,,,218.893,205.716,239.753,238.524,,256.234,240.137,,242.677,239.898,,,,,,,,,,,
2013-03-01,,152.188,250.835,224.433,216.465,,,,239.995,,,256.589,,,,,,152.188,,,,,,,,,
2013-04-01,215.205,,,224.522,,,218.904,207.506,239.043,238.124,,255.967,240.345,,244.675,240.823,,,,,,,,,,,
2013-05-01,,151.908,250.036,225.645,215.67,,,,239.346,,,256.27,,,,,,151.908,,,,,,,,,
2013-06-01,217.337,,,225.864,,,221.607,207.882,239.223,237.815,,256.911,240.99,,245.935,242.82,,,,,,,,,,,
2013-07-01,,152.657,251.067,225.375,216.979,,,,238.92,,,257.326,,,,,,152.657,213.91,,,,,,235.719,,246.152
2013-08-01,218.781,,,225.525,,,220.0,208.575,239.219,237.438,,257.659,242.128,,246.072,242.767,,,,,,,,,,,
2013-09-01,,153.532,251.918,225.161,217.068,,,,239.611,,,258.504,,,,,,153.532,,,,,,,,,
2013-10-01,216.505,,,224.422,,,219.685,207.788,239.94,238.858,,257.069,241.141,,246.617,242.787,,,,,,,,,,,
2013-11-01,,153.16,252.23,223.703,215.45,,,,238.677,,,257.377,,,,,,153.16,,,,,,,,,
2013-12-01,216.017,,,222.96,,,218.217,209.814,238.742,239.417,,257.284,241.383,,245.711,241.055,,,,,,,,,,,
2014-01-01,,153.7,253.123,225.027,216.291,,,,239.857,,,259.596,,,,,,153.7,214.777,220.622,220.622,257.589,224.1,227.82,238.663,241.215,250.507
2014-02-01,218.861,,,226.217,,,220.516,211.745,241.059,242.268,,259.019,242.584,,248.615,242.77,,,,,,,,,,,
2014-03-01,,154.6,254.982,228.784,218.715,,,,242.491,,,259.971,,,,,,154.6,,,,,,,,,
2014-04-01,220.62,,,229.848,,,223.326,213.309,242.437,244.073,,259.985,243.694,,251.495,246.616,,,,,,,,,,,
2014-05-01,,155.198,255.209,229.612,219.59,,,,243.362,,,261.225,,,,,,155.198,,,,,,,,,
2014-06-01,223.862,,,230.477,,,224.482,214.668,243.528,243.428,,261.35,245.247,,253.317,247.642,,,,,,,,,,,
2014-07-01,,155.22,255.296,229.633,219.543,,,,243.727,,,261.498,,,,,,155.22,216.833,,,,,,239.249,,253.463
2014-08-01,223.657,,,229.753,,,222.284,214.102,243.556,243.124,,261.075,245.303,,253.354,247.185,,,,,,,,,,,
2014-09-01,,155.522,255.878,229.829,219.38,,,,243.623,,,261.074,,,,,,155.522,,,,,,,,,
2014-10-01,221.276,,,228.987,,,221.988,214.791,243.341,244.13,,260.5,244.948,,254.503,247.854,,,,,,,,,,,
2014-11-01,,154.926,256.262,227.184,217.188,,,,241.753,,,259.382,,,,,,154.926,,,,,,,,,
2014-12-01,218.058,,,226.262,,,218.083,212.169,240.475,242.676,,258.08,242.912,,252.273,245.05,,,,,,,,,,,
2015-01-01,,153.376,254.556,225.852,214.899,,,,239.724,,,258.376,,,,,,153.376,217.111,220.476,220.476,260.165,223.278,226.602,239.232,244.19,256.723
2015-02-01,218.123,,,225.763,,,216.488,210.283,241.297,243.283,,259.24,242.424,,254.91,245.496,,,,,,,,,,,
2015-03-01,,154.984,257.013,227.405,217.487,,,,243.738,,,259.647,,,,,,154.984,,,,,,,,,
2015-04-01,219.567,,,227.704,,,219.005,212.439,243.569,245.195,,259.959,243.717,,257.622,247.611,,,,,,,,,,,
2015-05-01,,155.88,256.839,228.494,218.484,,,,246.093,,,261.066,,,,,,155.88,,,,,,,,,
2015-06-01,225.152,,,228.837,,,219.034,213.896,245.459,246.245,,261.512,245.675,,259.117,251.622,,,,,,,,,,,
2015-07-01,,155.546,256.999,228.588,218.676,,,,247.066,,,261.199,,,,,,155.546,216.706,,,,,,241.972,,260.421
2015-08-01,225.027,,,229.527,,,220.249,214.652,246.328,246.348,,261.347,244.519,,259.917,251.617,,,,,,,,,,,
2015-09-01,,156.278,256.643,228.826,217.507,,,,245.431,,,261.887,,,,,,156.278,,,,,,,,,
2015-10-01,222.282,,,228.6,,,220.506,214.569,245.812,246.789,,261.515,243.697,,261.019,250.831,,,,,,,,,,,
2015-11-01,,155.82,258.407,227.641,217.104,,,,245.711,,,261.009,,,,,,155.82,,,,,,,,,
2015-12-01,221.015,,,226.271,,,217.764,212.936,245.357,246.597,,259.941,242.356,,260.289,250.385,,,,,,,,,,,
2016-01-01,,155.519,257.215,227.977,217.164,,,,247.155,,,260.342,,,,,,155.519,216.999,220.896,220.896,265.283,226.399,227.885,243.0,249.426,263.911
2016-02-01,221.658,,,227.438,,,218.36,214.505,247.113,247.126,,260.875,243.132,,262.6,250.942,,,,,,,,,,,
2016-03-01,,156.493,258.587,227.778,218.877,,,,247.873,,,261.508,,,,,,156.493,,,,,,,,,
2016-04-01,223.82,,,229.197,,,221.412,215.513,248.368,248.741,,262.619,245.3,,264.565,253.815,,,,,,,,,,,
2016-05-01,,157.77,260.809,229.247,220.717,,,,249.554,,,263.312,,,,,,157.77,,,,,,,,,
2016-06-01,226.724,,,230.341,,,224.07,217.305,249.789,250.208,,263.877,245.98,,266.041,256.098,,,,,,,,,,,
2016-07-01,,157.674,260.8,228.454,221.507,,,,249.784,,,263.722,,,,,,157.674,218.66,,,,,,246.118,,268.777
2016-08-01,227.817,,,228.956,,,223.894,216.582,249.7,250.263,,264.16,245.386,,267.853,256.907,,,,,,,,,,,
2016-09-01,,157.572,262.606,230.282,221.923,,,,250.145,,,264.602,,,,,,157.572,,,,,,,,,
2016-10-01,227.675,,,230.506,,,224.271,218.2,251.098,251.571,,264.738,246.952,,270.306,256.941,,,,,,,,,,,
2016-11-01,,157.706,261.675,230.969,222.259,,,,250.185,,,265.203,,,,,,157.706,,,,,,,,,
2016-12-01,226.739,,,230.476,,,222.983,217.758,250.189,253.629,,265.421,246.591,,269.483,256.821,,,,,,,,,,,
2017-01-01,,158.086,264.865,232.155,223.082,,,,252.373,,,266.917,,,,,,158.086,218.616,223.417,223.417,272.014,229.881,232.421,249.284,259.838,273.306
2017-02-01,229.493,,,232.491,,,224.957,219.061,253.815,256.89,,267.662,248.345,,271.626,259.503,,,,,,,,,,,
2017-03-01,,158.558,265.07,232.225,223.782,,,,254.525,,,267.582,,,,,,158.558,,,,,,,,,
2017-04-01,230.974,,,233.066,,,226.484,219.852,254.971,255.708,,267.948,248.411,,274.589,261.56,,,,,,,,,,,
2017-05-01,,158.844,266.256,233.443,225.264,,,,255.674,,,268.183,,,,,,158.844,,,,,,,,,
2017-06-01,233.882,,,233.407,,,226.525,220.805,255.275,255.134,,268.666,247.713,,275.304,263.756,,,,,,,,,,,
2017-07-01,,158.85,266.429,233.514,225.613,,,,256.023,,,268.051,,,,,,158.85,219.131,,,,,,250.816,,276.542
2017-08-01,235.818,,,234.2,,,226.759,221.255,256.739,255.898,,268.657,248.919,,275.893,263.333,,,,,,,,,,,
2017-09-01,,160.293,269.757,235.177,229.056,,,,257.89,,,270.059,,,,,,160.293,,,,,,,,,
2017-10-01,235.03,,,234.159,,,228.779,223.213,258.883,258.456,,269.575,248.956,,277.57,264.653,,,,,,,,,,,
2017-11-01,,160.157,269.149,235.206,229.352,,,,259.135,,,269.381,,,,,,160.157,,,,,,,,,
2017-12-01,234.107,,,234.293,,,228.951,221.568,259.22,258.238,,269.564,248.617,,277.414,265.85,,,,,,,,,,,
2018-01-01,,,272.229,236.267,229.132,,,,,,,270.771,,,,,,,223.099,,,277.078,,,,,282.666
2018-02-01,237.0,,,236.306,,,229.715,224.711,,264.99,,272.214,249.567,,281.308,268.031,,,,,,,,,,,
2018-03-01,,,274.591,236.388,230.272,,,,,,,272.196,,,,,,,,,,,,,,,
2018-04-01,237.417,,,237.94,,,231.784,225.116,,264.696,,272.95,251.85,,283.422,270.309,,,,,,,,,,,
2018-05-01,,,274.668,238.91,234.034,,,,,,,274.001,,,,,,,,,,,,,,,
2018-06-01,240.376,,,238.54,,,234.695,227.393,,265.973,,274.17,252.386,,286.062,272.395,,,,,,,,,,,
2018-07-01,,,275.402,237.87,233.57,,,,,,,274.073,,,,,,,227.992,,,,,,,,288.435
2018-08-01,241.026,,,238.098,,,233.221,226.307,,265.062,,274.441,253.085,,287.664,271.625,,,,,,,,,,,
2018-09-01,,,278.663,238.957,234.563,,,,,,,275.455,,,,,,,,,,,,,,,
2018-10-01,238.673,,,238.892,,,233.134,228.07,,267.28,,275.101,253.04,,289.673,272.805,,,,,,,,,,,
2018-11-01,,,277.632,237.511,234.487,,,,,,,274.478,,,,,,,,,,,,,,,
2018-12-01,237.276,,,236.796,,,231.696,226.557,,265.731,,273.836,251.148,,289.896,273.293,,,,,,,,,,,
2019-01-01,,,278.976,238.218,233.915,,,,,,,275.144,,,,,,,228.858,,,281.585,,,,,293.15
2019-02-01,240.072,,,239.669,,,232.549,226.804,,268.288,,275.823,253.218,,291.227,275.304,,,,,,,,,,,
2019-03-01,,,280.393,240.019,236.495,,,,,,,276.57,,,,,,,,,,,,,,,
2019-04-01,243.383,,,239.726,,,234.022,229.261,,270.553,,277.441,256.528,,294.801,276.765,,,,,,,,,,,
2019-05-01,,,280.937,241.758,237.485,,,,,,,278.068,,,,,,,,,,,,,,,
2019-06-01,243.087,,,240.835,,,234.895,229.316,,269.119,,278.802,257.709,,295.259,278.631,,,,,,,,,,,
2019-07-01,,,280.943,241.589,238.891,,,,,,,278.817,,,,,,,228.495,,,,,,,,296.859
2019-08-01,246.311,,,241.985,,,236.4,229.423,,270.176,,279.428,258.877,,295.49,280.286,,,,,,,,,,,
2019-09-01,,,281.603,242.393,239.815,,,,,,,279.338,,,,,,,,,,,,,,,
2019-10-01,245.86,,,243.236,,,238.838,230.041,,271.381,,279.255,257.966,,298.443,278.682,,,,,,,,,,,
2019-11-01,,,283.526,242.661,238.768,,,,,,,279.468,,,,,,,,,,,,,,,
2019-12-01,245.076,,,242.079,,,237.514,228.765,,270.918,,279.816,257.194,,297.007,279.421,,,,,,,,,,,
2020-01-01,,,285.181,244.361,238.935,,,,,,,282.02,,,,,,,225.049,,,286.008,,,,,299.109
2020-02-01,247.042,,,244.407,,,238.634,230.147,,272.044,,282.577,259.694,,299.69,282.115,,,,,,,,,,,
2020-03-01,,,285.544,242.655,238.865,,,,,,,281.975,,,,,,,,,,,,,,,
2020-04-01,242.617,,,240.364,,,232.107,226.387,,269.237,,280.623,256.353,,298.074,280.484,,,,,,,,,,,
2020-05-01,,,282.62,242.65,236.317,,,,,,,282.092,,,,,,,,,,,,,,,
2020-06-01,245.184,,,243.475,,,236.118,228.898,,271.072,,282.333,257.983,,300.032,281.055,,,,,,,,,,,
2020-07-01,,,283.175,244.046,239.888,,,,,,,283.624,,,,,,,227.258,,,,,,,,301.059
2020-08-01,248.07,,,244.341,,,240.598,228.978,,273.861,,283.478,259.965,,300.182,284.905,,,,,,,,,,,
2020-09-01,,,283.391,245.745,240.658,,,,,,,284.551,,,,,,,,,,,,,,,
2020-10-01,248.794,,,245.584,,,239.922,229.885,,274.193,,284.121,259.979,,301.736,284.505,,,,,,,,,,,
2020-11-01,,,284.622,244.61,239.544,,,,,,,283.291,,,,,,,,,,,,,,,
2020-12-01,249.051,,,244.235,,,239.089,230.388,,273.774,,284.35,259.991,,302.948,283.409,,,,,,,,,,,
2021-01-01,,,286.615,246.008,242.513,,,,,,,285.525,,,,,,,232.679,,,296.818,,,,,306.724
2021-02-01,252.972,,,247.387,,,240.57,232.442,,275.849,,286.474,262.167,,304.387,286.95,,,,,,,,,,,
2021-03-01,,,289.24,248.984,246.995,,,,,,,287.481,,,,,,,,,,,,,,,
2021-04-01,257.074,,,251.491,,,244.708,236.604,,280.39,,289.493,265.355,,309.419,290.068,,,,,,,,,,,
2021-05-01,,,291.667,253.934,251.228,,,,,,,290.991,,,,,,,,,,,,,,,
2021-06-01,261.662,,,254.974,,,248.876,239.374,,284.797,,293.872,270.499,,309.497,296.573,,,,,,,,,,,
2021-07-01,,,295.211,255.929,253.319,,,,,,,293.553,,,,,,,241.698,,,,,,,,312.718
2021-08-01,264.502,,,256.078,,,250.003,241.088,,285.472,,293.927,272.044,,311.167,299.704,,,,,,,,,,,
2021-09-01,,,294.784,256.881,254.95,,,,,,,295.488,,,,,,,,,,,,,,,
2021-10-01,268.362,,,258.621,,,253.051,243.813,,289.793,,296.472,274.647,,313.265,303.099,,,,,,,,,,,
2021-11-01,,,299.723,259.254,257.394,,,,,,,297.49,,,,,,,,,,,,,,,
2021-12-01,273.424,,,260.368,,,255.782,245.509,,293.284,,296.865,277.163,,315.805,304.856,,,,,,,,,,,
2022-01-01,,,304.634,262.73,261.499,,,,,,,300.164,,,,,,,252.271,,,316.076,,,,,323.408
2022-02-01,279.743,,,264.828,,,258.721,250.563,,301.458,,301.151,281.402,,320.195,310.078,,,,,,,,,,,
2022-03-01,,,310.311,268.417,269.347,,,,,,,305.024,,,,,,,,,,,,,,,
2022-04-01,284.925,,,269.569,,,265.074,256.668,,305.958,,307.781,287.602,,324.878,316.525,,,,,,,,,,,
2022-05-01,,,313.578,274.301,274.196,,,,,,,309.243,,,,,,,,,,,,,,,
2022-06-01,291.764,,,277.78,,,272.911,263.874,,313.509,,313.589,294.207,,330.539,326.656,,,,,,,,,,,
2022-07-01,,,315.841,277.311,277.005,,,,,,,312.615,,,,,,,260.576,,,,,,,,330.711
2022-08-01,295.469,,,277.454,,,271.554,264.074,,314.69,,313.28,294.13,,328.871,326.796,,,,,,,,,,,
2022-09-01,,,318.8,278.03,278.297,,,,,,,313.88,,,,,,,,,,,,,,,
2022-10-01,297.058,,,278.415,,,274.52,262.423,,317.615,,314.338,295.978,,332.062,330.173,,,,,,,,,,,
2022-11-01,,,320.702,276.861,279.0,,,,,,,314.975,,,,,,,,,,,,,,,
2022-12-01,295.452,,,274.577,,,271.647,258.588,,322.21,,315.656,294.883,,331.222,330.489,,,,,,,,,,,
2023-01-01,,,324.27,276.982,281.117,,,,,,,318.151,,,,,,,257.938,,,325.954,,,,,337.689
2023-02-01,299.916,,,277.978,,,276.741,263.537,,329.065,,319.295,300.882,,337.173,334.987,,,,,,,,,,,
2023-03-01,,,324.859,280.279,284.862,,,,,,,319.038,,,,,,,,,,,,,,,
2023-04-01,301.447,,,282.423,,,282.486,267.002,,333.592,,319.211,301.225,,338.496,338.487,,,,,,,,,,,
2023-05-01,,,324.927,283.415,287.133,,,,,,,320.002,,,,,,,,,,,,,,,
2023-06-01,305.066,,,283.627,,,285.638,268.379,,335.27,,321.29,303.446,,340.056,341.734,,,,,,,,,,,
2023-07-01,,,324.746,283.528,288.006,,,,,,,322.496,,,,,,,262.806,,,,,,,,340.411
2023-08-01,308.336,,,283.957,,,287.48,271.154,,339.347,,324.38,305.742,,340.094,344.449,,,,,,,,,,,
2023-09-01,,,327.145,284.375,291.001,,,,,,,325.613,,,,,,,,,,,,,,,
2023-10-01,306.435,,,285.211,,,283.874,270.329,,341.18,,325.288,306.276,,341.219,345.992,,,,,,,,,,,
2023-11-01,,,328.362,283.859,293.591,,,,,,,324.52,,,,,,,,,,,,,,,
2023-12-01,305.978,,,283.76,,,283.757,270.133,,340.459,,324.691,306.386,,339.915,344.982,,,,,,,,,,,
2024-01-01,,,330.746,286.022,296.121,,,,,,,328.006,,,,,,,264.376,,,340.197,,,,,347.857
2024-02-01,309.912,,,287.394,,,284.455,272.772,,345.151,,328.606,311.227,,345.151,349.288,,,,,,,,,,,
2024-03-01,,,335.599,289.069,298.719,,,,,,,329.829,,,,,,,,,,,,,,,
2024-04-01,310.836,,,290.918,,,292.312,274.834,,348.439,,331.27,313.505,,351.247,353.503,,,,,,,,,,,
2024-05-01,,,337.772,292.123,301.567,,,,,,,332.633,,,,,,,,,,,,,,,
2024-06-01,313.01,,,292.106,,,295.222,274.1,,346.955,,334.782,314.328,,351.064,354.824,,,,,,,,,,,
2024-07-01,,,335.963,293.943,299.767,,,,,,,335.642,,,,,,,268.039,,,,,,,,348.977
2024-08-01,313.437,,,294.608,,,297.572,275.644,,348.158,,336.534,316.061,,349.29,355.179,,,,,,,,,,,
2024-09-01,,,338.258,295.979,298.653,,,,,,,337.889,,,,,,,,,,,,,,,
2024-10-01,312.257,,,295.239,,,293.116,276.116,,350.3,,338.166,316.617,,349.37,356.212,,,,,,,,,,,
2024-11-01,,,338.512,294.542,299.096,,,,,,,338.535,,,,,,,,,,,,,,,
2024-12-01,314.086,,,294.757,,,291.791,272.952,,350.098,,338.61,316.543,,348.001,354.348,,,,,,,,,,,
2025-01-01,,,343.486,298.213,304.32,,,,,,,341.144,,,,,,,,,,,,,,,
